gold, prediction, credit
@ colgo,@ colgo,1.0
Inabo,Inabo,1.0
Palau,Palau,1.0
Aston,Aston,1.0
Kevin,Kevin,1.0
Therese,Therese,1.0
Parlt,Parlt,1.0
@ GWS_Giants,@ GWS_Giants,1.0
the New York Times,New York Times,0.5
@ matt_levinson,@ matt_levinson,1.0
@ alisoncroggon,@ alisoncroggon,1.0
Leunig,Leunig,1.0
ADF,ADF,1.0
@ AmandaRishworth,@ AmandaRishworth,1.0
Parl House,Parl House,1.0
Robin Williams,Robin Williams,1.0
marius,marius,1.0
abc news,abc news,1.0
Katherine King,Katherine King,1.0
Dutton,Dutton,1.0
@ cowboypirate,@ cowboypirate,1.0
Dermie,Dermie,1.0
@ NTThunderFC,NTThunderFC,0.5
@ esssee,@ esssee,1.0
@ kellyexeter,@ kellyexeter,1.0
@ QTCanberra,@ QTCanberra,1.0
Canberra,Canberra,1.0
Australia,Australia,1.0
Labor,Labor,1.0
@ MikeCullen73,@ MikeCullen73,1.0
Eagleby Learning College,Eagleby Learning College,1.0
Canberra,Canberra,1.0
CPA Australia,CPA Australia,1.0
ASIC,ASIC,1.0
Rob,Rob,1.0
@ DanMISSIONBEAT,@ DanMISSIONBEAT,1.0
Rob McClelland,Rob McClelland,1.0
@ ChrisMogster,@ ChrisMogster,1.0
@ kyliegillies,@ kyliegillies,1.0
@ steven_noble,@ steven_noble,1.0
@ SharonBirdMP,@ SharonBirdMP,1.0
@ garethjward,@ garethjward,1.0
Sydney,Sydney,1.0
@ Peter_Gill,@ Peter_Gill,1.0
@ StephJWA,@ StephJWA,1.0
@ Colgo,@ Colgo,1.0
@ DebSpillane,@ DebSpillane,1.0
@ David_Ritter,@ David_Ritter,1.0
Greenpeace,Greenpeace,1.0
@ murphymiranda,@ murphymiranda,1.0
@ SummersAnne,@ SummersAnne,1.0
Sydney,Sydney,1.0
Melbourne,Melbourne,1.0
House of Reps Economics Committee,House of Reps Economics Committee,1.0
@ seancallanan,@ seancallanan,1.0
Sean,Sean,1.0
@ Graeme_Bowman,@ Graeme_Bowman,1.0
Julie Bishop,Julie Bishop,1.0
Australia,Australia,1.0
Eastwood Fire Brigade,Eastwood Fire Brigade,1.0
@ NRLKnights,NRLKnights,0.5
@ steven_noble,@ steven_noble,1.0
Fran Kelly,Fran Kelly,1.0
ABC Insiders,ABC Insiders,1.0
Kangaroo Island,Kangaroo Island,1.0
Sister Margaret,Sister Margaret,1.0
Maronite College of the Holy Family,Maronite College of the Holy Family,1.0
KFC,KFC,1.0
@ barryofarrell,@ barryofarrell,1.0
#AliceSprings,#AliceSprings,1.0
@ macleanbrendan,@ macleanbrendan,1.0
@ NadiaHylkema,@ NadiaHylkema,1.0
@ NewtonMark,@ NewtonMark,1.0
Martin Parkinson,Martin Parkinson,1.0
@ chrisopotamia,@ chrisopotamia,1.0
@ fionanewb,@ fionanewb,1.0
@ emilynewbold,@ emilynewbold,1.0
@ shellity,shellity,0.5
Middle East,Middle East,1.0
Dennis Ross,Dennis Ross,1.0
@ NRLKnights,@ NRLKnights,1.0
@ NRL_Bulldogs,@ NRL_Bulldogs,1.0
#OSCE,#OSCE,1.0
#Ukraine.,#Ukraine.,1.0
Wavepark Group,Wavepark Group,1.0
WA,WA,1.0
@ ariannahuff,@ ariannahuff,1.0
Bernard Levin,Bernard Levin,1.0
@ wendy_harmer,@ wendy_harmer,1.0
Julia Christensen,Julia Christensen,1.0
Facebook,Facebook,1.0
TAFE,TAFE,1.0
TAFE,TAFE,1.0
@ annetreasure,@ annetreasure,1.0
Obama,Obama,1.0
Kitchener Way,Kitchener Way,1.0
Vic Park,Vic Park,1.0
Central Coast,Central Coast,1.0
Abbott,Abbott,1.0
Yagoona,Yagoona,1.0
@ mdsimmonds,@ mdsimmonds,1.0
@ jimboykin,@ jimboykin,1.0
Parlt,Parlt,1.0
@ tomvucic,@ tomvucic,1.0
@ do_admit,@ do_admit,1.0
@ lizhampton14,@ lizhampton14,1.0
@ craigthomler,@ craigthomler,1.0
@ traagsmahal,@ traagsmahal,1.0
tom,tom,1.0
Baton Rouge,Baton Rouge,1.0
Malaysia Airlines,Malaysia Airlines,1.0
Australia 's,Australia,0.5
@ FromMe2Ewe,@ FromMe2Ewe,1.0
Australian Copyright Council,Australian Copyright Council,1.0
@ mikecollo,@ mikecollo,1.0
Lismore,Lismore,1.0
Ballina,Ballina,1.0
Justine,Justine,1.0
Janelle,Janelle,1.0
Stuart Robert,Stuart Robert,1.0
Adelaide,Adelaide,1.0
Sydney,Sydney,1.0
ALP,ALP,1.0
@ NatsforHunter,@ NatsforHunter,1.0
Michael,Michael,1.0
Public Works Committee,Public Works Committee,1.0
Australian Government,Australian Government,1.0
Labor,Labor,1.0
WA,WA,1.0
Leon Byner,Leon Byner,1.0
Tugun,Tugun,1.0
South Australian,South Australian,1.0
Rudd Government,Rudd Government,1.0
@ michelangeloruc,@ michelangeloruc,1.0
#WestConnex,#WestConnex,1.0
@ tonyzappia,@ tonyzappia,1.0
Sri Lanka,Sri Lanka,1.0
@ BernardKeane,@ BernardKeane,1.0
@ NAB,@ NAB,1.0
Palmer United Party,Palmer United Party,1.0
Jacqui Lambie,Jacqui Lambie,1.0
@ vanOnselenP,@ vanOnselenP,1.0
John Williams,John Williams,1.0
rural Australia,Australia,0.5
@ Feeney4Batman,@ Feeney4Batman,1.0
Christopher Pyne,Christopher Pyne,1.0
@ Thomas_Drake1,@ Thomas_Drake1,1.0
@ JesselynRadack,@ JesselynRadack,1.0
Washington DC,Washington DC,1.0
Peter van Onselen,Peter van Onselen,1.0
Paul Kelly,Paul Kelly,1.0
Barnaby Joyce,Barnaby Joyce,1.0
ABC,ABC,1.0
@ TeeKayP,@ TeeKayP,1.0
@ marcuskelson,@ marcuskelson,1.0
@ stevemolzer,@ stevemolzer,1.0
Steve,Steve,1.0
@ LaTrioli,@ LaTrioli,1.0
@ lololololiver,@ lololololiver,1.0
Hifi,Hifi,1.0
@ scottspark,@ scottspark,1.0
@ ragavin,@ ragavin,1.0
@ Mayorjd,@ Mayorjd,1.0
Australia,Australia,1.0
Grafton airport,Grafton airport,1.0
@ WritersCentreAU,@ WritersCentreAU,1.0
Fremantle Press,Fremantle Press,1.0
WA,WA,1.0
@ ariannahuff,@ ariannahuff,1.0
Labor,Labor,1.0
@ latikambourke,@ latikambourke,1.0
Tony Abbott,Tony Abbott,1.0
SPCs,SPCs,1.0
@ Carlyhjackson,@ Carlyhjackson,1.0
ABC,ABC,1.0
Jon Faine,Jon Faine,1.0
@ Kirby517,@ Kirby517,1.0
@ C_Pyne_MP,@ C_Pyne_MP,1.0
Twitter,Twitter,1.0
@ Deborah_ONeill,@ Deborah_ONeill,1.0
@ leslienassar,@ leslienassar,1.0
@ SkyNewsAgenda,@ SkyNewsAgenda,1.0
@ bencubby,@ bencubby,1.0
@ GuardianJessica,@ GuardianJessica,1.0
Vietnam,Vietnam,1.0
Melbourne,Melbourne,1.0
@ ljLoch,@ ljLoch,1.0
Jasmin 1,Jasmin,0.5
@ QLDWhitsundays,@ QLDWhitsundays,1.0
@ TheLastWhale,@ TheLastWhale,1.0
@ PeteFTD,@ PeteFTD,1.0
John Butler,John Butler,1.0
@ druey,@ druey,1.0
@ PaulPisasale,@ PaulPisasale,1.0
Ipswich West,Ipswich West,1.0
Jim Madden,Jim Madden,1.0
Syria,Syria,1.0
Jordon,Jordon,1.0
Turkey,Turkey,1.0
Lebanon,Lebanon,1.0
Labor,Labor,1.0
@ chrissy_bing,@ chrissy_bing,1.0
ASIC,ASIC,1.0
@ _leo_s,@ _leo_s,1.0
@ RitaPanahi,@ RitaPanahi,1.0
Sydney,Sydney,1.0
SA,SA,1.0
@ 6PR,@ 6PR,1.0
Victoria Park,Victoria Park,1.0
Matt Taylor,Matt Taylor,1.0
CNBC,CNBC,1.0
@ greendaycalum,@ greendaycalum,1.0
@ foxtel,@ foxtel,1.0
david,david . higgins,0.5
@ GaffneyPaul5,@ GaffneyPaul5,1.0
@ NajibRazak,@ NajibRazak,1.0
@ OaaSvc,@ OaaSvc,1.0
@ norton_tim,@ norton_tim,1.0
@ sabinewolff,@ sabinewolff,1.0
@ LisaMillar,@ LisaMillar,1.0
@ uknowiSS,@ uknowiSS,1.0
@ standupmaths,@ standupmaths,1.0
Grong Town,Grong Town,1.0
Pac Hydro & Solar Council,Pac Hydro & Solar Council,1.0
Australia,Australia,1.0
Reza Barati,Reza Barati,1.0
Rudd,Rudd,1.0
@ tomvucic,@ tomvucic,1.0
@ zillatron,@ zillatron,1.0
Bob,Bob,1.0
Guardian,Guardian,1.0
Abbott,Abbott,1.0
@ swegen31,@ swegen31,1.0
@ myknittingwool,@ myknittingwool,1.0
@ workmanalice,@ workmanalice,1.0
@ TimWattsMP,@ TimWattsMP,1.0
#Melbourne?,#Melbourne?,1.0
@ gypsysnail,@ gypsysnail,1.0
Chrissy Sandow,Chrissy Sandow,1.0
Waleed Aly,Waleed Aly,1.0
@ RadioNational,@ RadioNational,1.0
Jack Niall,Jack Niall,1.0
Tigers,Tigers,1.0
@ mrgregtaylor,@ mrgregtaylor,1.0
@ LeanneFaulkner2,@ LeanneFaulkner2,1.0
@ ariannahuff,@ ariannahuff,1.0
ABC,ABC,1.0
Australia,Australia,1.0
@ Lee_Tennant,@ Lee_Tennant,1.0
@ google,google,0.5
Abbott,Abbott,1.0
Rupert,Rupert,1.0
Murdoch,Murdoch,1.0
Twitter,Twitter,1.0
Tasmania,Tasmania,1.0
Collins,Collins,1.0
Joe Hockey,Joe Hockey,1.0
Nationals,Nationals,1.0
John Cobb,John Cobb,1.0
Hawkesbury,Hawkesbury,1.0
Hawkesbury,Hawkesbury International,0.5
@ jacobgreber,@ jacobgreber,1.0
@ cjoye,@ cjoye,1.0
US,US,1.0
Townsville,Townsville,1.0
Australia,Australia,1.0
Abbott,Abbott,1.0
@ samanthamaiden,@ samanthamaiden,1.0
Radio National,Radio National,1.0
Doc Neeson,RIP Doc Neeson,0.5
Senator Neville Bonner,Senator Neville Bonner,1.0
Christine Milne,Christine Milne,1.0
Mercury,Mercury,1.0
the Liberal party,Liberal party,0.5
Australia Post,Australia Post,1.0
Senate,Senate,1.0
@ Joe_Hildebrand,@ Joe_Hildebrand,1.0
@ anna_lisa68,anna_lisa68,0.5
@ Fremantle_FC,@ Fremantle_FC,1.0
@ AFL,@ AFL,1.0
DC,DC,1.0
Senator Bushby,Senator Bushby,1.0
Villers- Bretonneux,Villers- Bretonneux,1.0
@ PICMatChiHealth,@ PICMatChiHealth,1.0
William Hill,William Hill,1.0
Tom Waterhouse,Tom Waterhouse,1.0
@ MichaelWestBiz,@ MichaelWestBiz,1.0
China,China,1.0
@ SonyCentreTO,@ SonyCentreTO,1.0
Boston,Boston,1.0
@ ColinHanks,@ ColinHanks,1.0
@ Mark_Sheppard,@ Mark_Sheppard,1.0
@ remymichaels,@ remymichaels,1.0
@ marygracekirby,@ marygracekirby,1.0
@ nlambert4,@ nlambert4,1.0
@ breaking1003,@ breaking1003,1.0
Japan,Japan,1.0
@ byelocksbarber,@ byelocksbarber,1.0
@ Carrie_Preston,@ Carrie_Preston,1.0
@ YMTfm,@ YMTfm,1.0
Convent Primary,Convent Primary,1.0
Nenagh Ireland,Nenagh Ireland,1.0
@ theblcklst,@ theblcklst,1.0
@ Ceillimiss,@ Ceillimiss,1.0
@ BeatlemanicPaul,@ BeatlemanicPaul,1.0
@ shadkmusic,@ shadkmusic,1.0
@ PolarisPrize,PolarisPrize,0.5
@ MrRobertMcGrath,@ MrRobertMcGrath,1.0
@ corrwill,@ corrwill,1.0
@ jarpad,@ jarpad,1.0
@ JensenAckles,@ JensenAckles,1.0
@ mishacollins,@ mishacollins,1.0
@ Mark_Sheppard,@ Mark_Sheppard,1.0
@ alexshinta,@ alexshinta,1.0
Bowie,Bowie,1.0
MTV,MTV,1.0
@ JeffersonPenna,@ JeffersonPenna,1.0
Edmonton,Edmonton,1.0
Centennial Plaza,Centennial Plaza,1.0
@ fiveholeforfood,@ fiveholeforfood,1.0
Chinatown,Chinatown,1.0
@ vane045,@ vane045,1.0
@ howiemandel,@ howiemandel,1.0
Geelong,Geelong,1.0
#Ottawa,#Ottawa,1.0
@ visxnya,@ visxnya,1.0
@ Astro_DavidS,@ Astro_DavidS,1.0
@ CommanderMLA,@ CommanderMLA,1.0
Google,Google,1.0
Dmitry Lovetsky,Dmitry Lovetsky,1.0
Calgary,Calgary,1.0
@ Twitter,Twitter,0.5
@ snoopmary,@ snoopmary,1.0
@ MrJoshCharles,@ MrJoshCharles,1.0
@ Zac_Posen,@ Zac_Posen,1.0
@ Frends,@ Frends,1.0
@ MohamedofShaban,@ MohamedofShaban,1.0
@ SpaceX,@ SpaceX,1.0
CNET,CNET,1.0
@ WhoSay,@ WhoSay,1.0
@ AnnaPaquinFans,@ AnnaPaquinFans,1.0
@ wintersweet2530,@ wintersweet2530,1.0
Boston,Boston,1.0
@ PixieP,@ PixieP,1.0
Pixie,Pixie,1.0
@ pooja_LuvIndia,@ pooja_LuvIndia,1.0
@ NathanFillion,@ NathanFillion,1.0
@ RachelZoe,@ RachelZoe,1.0
Rachel,Rachel,1.0
@ auberginefedora,@ auberginefedora,1.0
@ WilliamShatner,@ WilliamShatner,1.0
SDCC,SDCC,1.0
@ RedSox,@ RedSox,1.0
@ standardEV,@ standardEV,1.0
@ Lisa_alot,@ Lisa_alot,1.0
Facebook,Facebook,1.0
Twitter,Twitter,1.0
@ ONEXONE,@ ONEXONE,1.0
Lauren Bacall,Lauren Bacall,1.0
@ DinaPugliese,DinaPugliese,0.5
@ joshgad,@ joshgad,1.0
@ nicholasstoller,@ nicholasstoller,1.0
@ ZacEfron,@ ZacEfron,1.0
#Haiti,#Haiti,1.0
@ HappyHeartsFund,@ HappyHeartsFund,1.0
PNemcova,@ . PNemcova,0.5
@ illshawn,@ illshawn,1.0
@ Zetanai,@ Zetanai,1.0
@ JenniferElm,@ JenniferElm,1.0
@ gracey000011,@ gracey000011,1.0
@ HappyHeartsFund,@ HappyHeartsFund,1.0
@ Wyclef,Wyclef,0.5
@ jnzooger,@ jnzooger,1.0
@ Sara_TheMachine,@ Sara_TheMachine,1.0
@ 2manyfandomz,@ 2manyfandomz,1.0
@ Amandaziva223,@ Amandaziva223,1.0
@ SUNRandySportak,@ SUNRandySportak,1.0
@ EricFrancis,@ EricFrancis,1.0
@ bigern10,@ bigern10,1.0
@ monahan20,@ monahan20,1.0
@ ONEXONE,@ ONEXONE,1.0
@ ImErinTessema,@ ImErinTessema,1.0
@ 1PhoebeJTonkin,@ 1PhoebeJTonkin,1.0
@ PaoSpXeB,@ PaoSpXeB,1.0
@ MerchDirect,@ MerchDirect,1.0
@ macklemore,@ macklemore,1.0
@ onexone,@ onexone,1.0
@ GabsElisa,GabsElisa,0.5
@ Rayelle73,@ Rayelle73,1.0
@ AnnaPaquinFans,@ AnnaPaquinFans,1.0
@ MeldyC,@ MeldyC,1.0
Vale Lauren Bacall,Lauren Bacall,0.5
Marnie,Marnie,1.0
@ BrownBagWine,@ BrownBagWine,1.0
Rutina Wesley,Rutina Wesley,1.0
@ MidlandPolice,@ MidlandPolice,1.0
@ kpfoleyy,@ kpfoleyy,1.0
@ tavitulle,@ tavitulle,1.0
CHI,CHI,1.0
Richards,Richards,1.0
@ damnitfreckles,@ damnitfreckles,1.0
@ robstears,@ robstears,1.0
Bryan,Bryan,1.0
"Shawville , Que",Shawville,0.5
@ remymichaels,@ remymichaels,1.0
@ MaxineSkillen,@ MaxineSkillen,1.0
@ vsrovert,@ vsrovert,1.0
@ porrandemi,@ porrandemi,1.0
@ jimmbboe,@ jimmbboe,1.0
@ BaubleBar,@ BaubleBar,1.0
@ JaneyGodley,@ JaneyGodley,1.0
Bryan Murray,Bryan Murray,1.0
Bryan,Bryan,1.0
OTT,OTT GM,0.5
@ HopeMay1984,@ HopeMay1984,1.0
Drew Buckley,Drew Buckley,1.0
@ HuwALewis,@ HuwALewis,1.0
@ Aveoldman,@ Aveoldman,1.0
Morton,Morton,1.0
@ MerchDirect,@ MerchDirect,1.0
Santa,Santa,1.0
@ theREELBrian,@ theREELBrian,1.0
Fernsehturm,Fernsehturm,1.0
St Mary 's,St Mary 's,1.0
Berlin,Berlin,1.0
@ BuschMr,@ BuschMr,1.0
@ vsrovert,@ vsrovert,1.0
@ BlissKissBreeze,@ BlissKissBreeze,1.0
@ angiemr79,@ angiemr79,1.0
Bowie,Bowie,1.0
Dina,Dina,1.0
@ Jorg_YVR,@ Jorg_YVR,1.0
Canada,Canada,1.0
@ vampidiot,@ vampidiot,1.0
@ AskMrMickey,@ AskMrMickey,1.0
Mickey,Mickey,1.0
@ WilliamdeVry1,@ WilliamdeVry1,1.0
@ CurtisDickson17,@ CurtisDickson17,1.0
Iroquois Nation,Iroquois Nation,1.0
TSN,TSN 2,0.5
@ IMJeffRaymond,@ IMJeffRaymond,1.0
@ howiemandel,@ howiemandel,1.0
@ maddogvirgin,@ maddogvirgin,1.0
@ MattRpianoman,@ MattRpianoman,1.0
@ jtimberlake,@ jtimberlake,1.0
Australia,Australia,1.0
Olivier Grunewald,Olivier Grunewald,1.0
Anh Co Tran,Anh Co Tran,1.0
Amanda,Amanda,1.0
#Australia,#Australia,1.0
@ Puddinstrip,@ Puddinstrip,1.0
Joseph Gordon Levitt,Joseph Gordon Levitt,1.0
James Franco,James Franco,1.0
@ pengellyink,@ pengellyink,1.0
Trayvon,Trayvon,1.0
Mike Brown,Mike Brown,1.0
@ MarinerMisery,@ MarinerMisery,1.0
Steve,Steve,1.0
Lauren Bacall,Lauren Bacall,1.0
@ loupardi,@ loupardi,1.0
Lou,Lou,1.0
Robin Williams,Robin Williams,1.0
California,California,1.0
@ SamSparro,@ SamSparro,1.0
Central Park,Central Park,1.0
#Toronto,#Toronto,1.0
@ Binary_Inclined,@ Binary_Inclined,1.0
@ Astro_Alex,@ Astro_Alex,1.0
@ astro_reid,@ astro_reid,1.0
@ AskDrRuth,@ AskDrRuth,1.0
@ _Lisawebber83,@ _Lisawebber83,1.0
@ HUMANKEBAB,@ HUMANKEBAB,1.0
@ aterrar,@ aterrar,1.0
@ MrRobertMcGrath,@ MrRobertMcGrath,1.0
@ Jeff_Daniels,@ Jeff_Daniels,1.0
@ bubwhitlax,@ bubwhitlax,1.0
@ MikeMcKenzie11,@ MikeMcKenzie11,1.0
@ Zeetheist,@ Zeetheist,1.0
@ Steelweaver52,@ Steelweaver52,1.0
@ DanielMacSween,@ DanielMacSween,1.0
@ astro_timpeake,@ astro_timpeake,1.0
@ fucktyler,@ fucktyler,1.0
#Moscow,#Moscow,1.0
Sarah,Sarah,1.0
@ nickkroll,@ nickkroll,1.0
@ MrRobertMcGrath,@ MrRobertMcGrath,1.0
@ aleboniz19,aleboniz19,0.5
@ pandaisarose,@ pandaisarose,1.0
@ xxDeexx,@ xxDeexx,1.0
@ vsrovert,@ vsrovert,1.0
@ _niikkii,@ _niikkii,1.0
@ Aveoldman,@ Aveoldman,1.0
Beth,Beth,1.0
Brad Richards,Brad Richards,1.0
CHI,CHI,1.0
@ lynxeffect,@ lynxeffect,1.0
@ mfjordan,@ mfjordan,1.0
Bowie,Bowie,1.0
@ DEREK0HALE,@ DEREK0HALE,1.0
@ TheJimMichaels,@ TheJimMichaels,1.0
Doug ford,Doug ford,1.0
Rob Ford,Rob Ford,1.0
@ dawgbone98,@ dawgbone98,1.0
Matthews,Matthews,1.0
@ Amandaziva223,@ Amandaziva223,1.0
@ AnnaPaquinFans,@ AnnaPaquinFans,1.0
@ emmaoz31,@ emmaoz31,1.0
@ SpaceX,@ SpaceX,1.0
@ jianghomeshi,@ jianghomeshi,1.0
@ molltrot,@ molltrot,1.0
Denmark,Denmark,1.0
@ Vesa_88,@ Vesa_88,1.0
@ Anthony_Graham,@ Anthony_Graham,1.0
@ AhLizi,@ AhLizi,1.0
@ damonayoung,@ damonayoung,1.0
Ed Robertson,Ed Robertson,1.0
Spotify,Spotify,1.0
@ ViniDiamandis,@ ViniDiamandis,1.0
@ GreeterDan,@ GreeterDan,1.0
@ NicD__L,@ NicD__L,1.0
@ howiemandel,howiemandel,0.5
John Paul Pietrus,John Paul Pietrus,1.0
Niki M ' Nray,Niki M ' Nray,1.0
Danilo,Danilo,1.0
Lucia Liu,Lucia Liu,1.0
@ jstevens3211,@ jstevens3211,1.0
@ howiemandel,@ howiemandel,1.0
@ harneymike,harneymike,0.5
@ ShawnMcKenzieSN,@ ShawnMcKenzieSN,1.0
@ sferreirafelipe,@ sferreirafelipe,1.0
@ EricJJohnson79,@ EricJJohnson79,1.0
@ MarkDuplass,@ MarkDuplass,1.0
@ nicholasstoller,@ nicholasstoller,1.0
@ gravytrainevan,@ gravytrainevan,1.0
@ RobertConradTV,@ RobertConradTV,1.0
@ ichadlowe,@ ichadlowe,1.0
UK,UK,1.0
@ AmandadeCadenet,@ AmandadeCadenet,1.0
@ LifetimeTV,@ LifetimeTV,1.0
@ FIBA,FIBA,0.5
@ Inc,@ Inc,1.0
@ in9uyenatlife,@ in9uyenatlife,1.0
@ kelly_clarkson,@ kelly_clarkson,1.0
@ TheRealGrimmie,@ TheRealGrimmie,1.0
@ CGIAR,@ CGIAR,1.0
Barry,Barry,1.0
Reds,Reds,1.0
@ stu_loudon,@ stu_loudon,1.0
@ Izzmo,@ Izzmo,1.0
@ Pharrell,@ Pharrell,1.0
@ chrisholmez,@ chrisholmez,1.0
@ JLo,@ JLo,1.0
@ keeneniwayans,@ keeneniwayans,1.0
@ piersmorgan,@ piersmorgan,1.0
Neville,Neville,1.0
@ Mals_Al_Ghul,@ Mals_Al_Ghul,1.0
@ carolinaxo___,@ carolinaxo___,1.0
@ Brad_Attitude,@ Brad_Attitude,1.0
Bogota,Bogota,1.0
Colombia,Colombia,1.0
Nigeria,Nigeria,1.0
Super Eagles,Super Eagles,1.0
@ LuValentino,@ LuValentino,1.0
@ PhilipAndelman,@ PhilipAndelman,1.0
@ RobinRoberts,@ RobinRoberts,1.0
Team USA,Team USA,1.0
@ stevenlangton,@ stevenlangton,1.0
@ skinslovato,@ skinslovato,1.0
England,England,1.0
@ ChristiesInc,@ ChristiesInc,1.0
@ momantheangel,@ momantheangel,1.0
@ gillesakacake,@ gillesakacake,1.0
@ Wale,@ Wale,1.0
President Obama,President Obama,1.0
@ MyNameIsKnees,@ MyNameIsKnees,1.0
Nia,Nia,1.0
@ GMA,@ GMA,1.0
@ NeymarandLuan,@ NeymarandLuan,1.0
@ neymarjr,@ neymarjr,1.0
@ byrdiebeauty,@ byrdiebeauty,1.0
@ NikkiLee901,@ NikkiLee901,1.0
@ justincoit,justincoit,0.5
MTV,MTV,1.0
Latin America,Latin America,1.0
Pedro,Grande Pedro,0.5
@ HashmiZahra,@ HashmiZahra,1.0
Google,Google,1.0
@ ToniKroos,@ ToniKroos,1.0
Richard MacDonald,Richard MacDonald,1.0
luis Suárez,luis Suárez,1.0
Felicia,Felicia,1.0
Karan Mitchell,Karan Mitchell,1.0
@ hodakotb,@ hodakotb,1.0
@ thek_kollection,@ thek_kollection,1.0
MATTHEW,MATTHEW,1.0
@ RM_Foundation,@ RM_Foundation,1.0
East coast,East coast,1.0
@ YoungandHungry,@ YoungandHungry,1.0
@ ABCFamily,@ ABCFamily,1.0
CARTER V,CARTER,0.5
@ MainSquareFest,@ MainSquareFest,1.0
@ fpiesdescalzos,@ fpiesdescalzos,1.0
South America,South America,1.0
@ charmladonna,@ charmladonna,1.0
@ 1victorvaldes,@ 1victorvaldes,1.0
@ DASHBoutique,@ DASHBoutique,1.0
Austin Swift,Austin Swift,1.0
"Las Vegas , NV",Las Vegas,0.5
@ katyperry,@ katyperry,1.0
@ KatyCatChloe,KatyCatChloe,0.5
@ itunes,@ itunes,1.0
@ MSchulerMusic,@ MSchulerMusic,1.0
New York,New York,1.0
@ lukejwindsor,@ lukejwindsor,1.0
@ Pharrell,@ Pharrell,1.0
@ lenadunham,@ lenadunham,1.0
@ jk_rowling,@ jk_rowling,1.0
Mt Yale,Mt Yale,1.0
North America,North America,1.0
John Legend,John Legend,1.0
@ johnlegend,@ johnlegend,1.0
@ USSoccer,@ USSoccer,1.0
Morgan Freeman,Morgan Freeman,1.0
@ mirandalambert,@ mirandalambert,1.0
@ jamielynnspears,@ jamielynnspears,1.0
@ MickWillow,@ MickWillow,1.0
@ Weirdo365,@ Weirdo365,1.0
@ ashleytisdale,@ ashleytisdale,1.0
@ ONEDROP,@ ONEDROP,1.0
Lana Del Rey,Lana Del Rey,1.0
@ waynewill1,@ waynewill1,1.0
Dalai Lama,Dalai Lama,1.0
@ SMARTMRTEE,@ SMARTMRTEE,1.0
@ AlejandroSanz,@ AlejandroSanz,1.0
@ Curly_Styles98,@ Curly_Styles98,1.0
@ EdSheeran,@ EdSheeran,1.0
@ ColbieCaillat,@ ColbieCaillat,1.0
@ andygrammer,@ andygrammer,1.0
@ linnjones,@ linnjones,1.0
@ inpinitwuyun,@ inpinitwuyun,1.0
@ DrShefali,@ DrShefali,1.0
@ MaxMutchnick,@ MaxMutchnick,1.0
@ FinallyMario,@ FinallyMario,1.0
Luis Suarez,Luis Suarez,1.0
@ KevinSpacey,@ KevinSpacey,1.0
Johnny Carson,Johnny Carson,1.0
Kimmel,Kimmel,1.0
Christie,Christie,1.0
@ ShaniaTwain,@ ShaniaTwain,1.0
@ ughxariana,@ ughxariana,1.0
Daniel Cormier,Daniel Cormier,1.0
@ PrincessDie96,@ PrincessDie96,1.0
@ danaspecial,@ danaspecial,1.0
Messi,Messi,1.0
Ronaldo,Ronaldo,1.0
@ kylieminogue,@ kylieminogue,1.0
@ Wofstargirl,@ Wofstargirl,1.0
@ _NicoleHurst,@ _NicoleHurst,1.0
Jim Day,Jim Day,1.0
Reds,Reds,1.0
@ DaveBoll,@ DaveBoll,1.0
@ GuettasAdidas,@ GuettasAdidas,1.0
@ VDOOZER,@ VDOOZER,1.0
@ ladygaga,@ ladygaga,1.0
@ jacquieleemusic,@ jacquieleemusic,1.0
@ johnlegend,@ johnlegend,1.0
@ jacquieleemusic,@ jacquieleemusic,1.0
@ HilaryDuff,@ HilaryDuff,1.0
Jimmy Martinez,Jimmy Martinez,1.0
@ JasonSilva,@ JasonSilva,1.0
@ Target,@ Target,1.0
@ mashable,@ mashable,1.0
@ edsheeran,@ edsheeran,1.0
@ ChristinaGrimme,@ ChristinaGrimme,1.0
@ KINGRICH_MH,@ KINGRICH_MH,1.0
Conner Greene,Conner Greene,1.0
Toronto Blue Jay,Toronto Blue,0.5
Santiago,Santiago,1.0
@ TheArtofOil,@ TheArtofOil,1.0
@ patternisland,@ patternisland,1.0
@ TrevorProject,@ TrevorProject,1.0
President Obama,President Obama,1.0
@ edsheeran,@ edsheeran,1.0
Haarlemmermeer,Haarlemmermeer,1.0
US,US,1.0
@ Harvey1Patty,@ Harvey1Patty,1.0
@ MRGUMBALL3000,@ MRGUMBALL3000,1.0
@ gypsyheart24,@ gypsyheart24,1.0
@ ashleytisdale,@ ashleytisdale,1.0
Jessica Lowndes,Jessica Lowndes,1.0
President Obama,President Obama,1.0
@ IGGYAZALEA,@ IGGYAZALEA,1.0
Iggy Iggy Iggy,Iggy Iggy Iggy,1.0
@ HarryConnickJR,@ HarryConnickJR,1.0
@ JLo,@ JLo,1.0
Edinburgh,Edinburgh,1.0
@ savagi21,@ savagi21,1.0
the Huxley,Huxley,0.5
@ HarkinOmy,@ HarkinOmy,1.0
@ StuartCamp,@ StuartCamp,1.0
@ troyesivan,@ troyesivan,1.0
Coldplay,Coldplay,1.0
@ ArianaGrande,@ ArianaGrande,1.0
@ waynecoyne @ katy_weaver,@ waynecoyne,0.5
@ EBONYMag,@ EBONYMag,1.0
@ radiodisney,radiodisney,0.5
@ hartluck,@ hartluck,1.0
@ CheyneThomas,@ CheyneThomas,1.0
Squidward,Squidward,1.0
@ MAJORLAZER,@ MAJORLAZER,1.0
"Montpellier , France",Montpellier,0.5
Lance Stephenson,Lance Stephenson,1.0
@ DrShefali,@ DrShefali,1.0
@ EckhartTolle,@ EckhartTolle,1.0
@ Louis_Tomlinson,@ Louis_Tomlinson,1.0
VERSACE,VERSACE,1.0
@ TreySongz,@ TreySongz,1.0
Simon,Simon,1.0
sonny,sonny,1.0
@ JODYHiGHROLLER,@ JODYHiGHROLLER,1.0
Kardashian,Kardashian Kollection,0.5
Marco Carola,Marco Carola,1.0
@ blairgarner,@ blairgarner,1.0
@ TerriClarkMusic,@ TerriClarkMusic,1.0
@ AmericasMorning,@ AmericasMorning,1.0
@ SheritaSberry,@ SheritaSberry,1.0
@ atthelabyrinth,@ atthelabyrinth,1.0
David Heyman,David Heyman,1.0
@ HashmiZahra,@ HashmiZahra,1.0
Manchester,Manchester,1.0
@ MegZGrenfell,@ MegZGrenfell,1.0
Bjork,Bjork,1.0
@ inagarten,@ inagarten,1.0
@ DrMayaAngelou,@ DrMayaAngelou,1.0
Amnesia Ibiza,Amnesia Ibiza,1.0
Bryan,Bryan,1.0
@ FIBA,@ FIBA,1.0
@ paddyupdates,@ paddyupdates,1.0
@ khutso001,@ khutso001,1.0
@ MarcBartra91,@ MarcBartra91,1.0
Eleven Madison Park,Eleven Madison Park,1.0
@ Davidburtka,@ Davidburtka,1.0
Mark Zuckerberg,Mark Zuckerberg,1.0
Sheryl Sandberg,Sheryl Sandberg,1.0
Charlie Rose,Charlie Rose,1.0
@ katycattt,@ katycattt,1.0
Ellen,Ellen,1.0
@ christianevejlo,@ christianevejlo,1.0
@ fairydustharry,@ fairydustharry,1.0
@ KissFMUK,@ KissFMUK,1.0
Benedetto Demaio,Benedetto Demaio,1.0
@ Pilarsmith,@ Pilarsmith,1.0
@ MamaMae,@ MamaMae,1.0
LeeLee,LeeLee,1.0
@ JohnNewmanMusic,@ JohnNewmanMusic,1.0
@ naughtybob,@ naughtybob,1.0
Hacker News,Hacker News,1.0
@ mauriciodesousa,@ mauriciodesousa,1.0
Amsterdam,Amsterdam,1.0
@ Wilson_Daniella,@ Wilson_Daniella,1.0
America,America,1.0
President Obama,President Obama,1.0
Ibiza,Ibiza,1.0
Cannes,Cannes,1.0
@ ferreiragugacuf,@ ferreiragugacuf,1.0
@ ivetesangalo,@ ivetesangalo,1.0
@ TerriClarkMusic,@ TerriClarkMusic,1.0
@ AmericasMorning,@ AmericasMorning,1.0
@ JesseLeonard11,@ JesseLeonard11,1.0
ohio,ohio,1.0
London,London,1.0
East Coast,East Coast,1.0
@ UaiJuninho,@ UaiJuninho,1.0
@ neymarjr,@ neymarjr,1.0
@ foofighters,@ foofighters,1.0
@ NickyHilton,@ NickyHilton,1.0
@ Mariana_gde,@ Mariana_gde,1.0
@ russellcrowe,@ russellcrowe,1.0
Royal Philips,Royal Philips,1.0
@ Vevo,@ Vevo,1.0
@ pcousteau,@ pcousteau,1.0
@ lucybellnix,@ lucybellnix,1.0
@ kelly_clarkson,@ kelly_clarkson,1.0
Halle Berry,Halle Berry,1.0
@ chriscolfer,@ chriscolfer,1.0
Pepe,Pepe,1.0
@ justinmontsma,@ justinmontsma,1.0
@ jimmyfallon,@ jimmyfallon,1.0
@ questlove,questlove,0.5
Tina,Tina,1.0
@ DevlinHuxtable,@ DevlinHuxtable,1.0
@ UncleRUSH,@ UncleRUSH,1.0
@ AprilBeck08,@ AprilBeck08,1.0
California,California,1.0
@ karliekloss,@ karliekloss,1.0
@ aliciakeys,@ aliciakeys,1.0
@ kendricklamar,@ kendricklamar,1.0
@ belamapa,@ belamapa,1.0
@ tamestyles,@ tamestyles,1.0
Rose Bowl,Rose Bowl,1.0
Brazil,Brazil,1.0
@ TylerTrew23,@ TylerTrew23,1.0
@ aliciakeys,@ aliciakeys,1.0
@ ArtbeatPT,ArtbeatPT,0.5
Joseph,Joseph,1.0
@ LAKings,@ LAKings,1.0
@ ZacEfron,@ ZacEfron,1.0
Indonesia,Indonesia,1.0
Obama,President Obama,0.5
@ pattiemallette,@ pattiemallette,1.0
robbie Williams,robbie Williams,1.0
Vegas,Vegas,1.0
Christine,Christine,1.0
Santa Barbara Zoo,Santa Barbara Zoo,1.0
@ stevestoute,@ stevestoute,1.0
@ BodegaIniesta,@ BodegaIniesta,1.0
Mr West,Mr West,1.0
@ iHeartRadio,@ iHeartRadio,1.0
@ emilioivan,@ emilioivan,1.0
@ DrShefali,@ DrShefali,1.0
@ ushuaiaibiza,@ ushuaiaibiza,1.0
@ taylorswift13,@ taylorswift13,1.0
@ Lupita_Nyongo,@ Lupita_Nyongo,1.0
Adele,Adele,1.0
The Royal Albert Hall,Albert Hall,0.5
@ BrooklynSwine,@ BrooklynSwine,1.0
@ claudinhosilva,@ claudinhosilva,1.0
@ ivetesangalo,@ ivetesangalo,1.0
@ jukkadudeson,@ jukkadudeson,1.0
London,London,1.0
Jude,Jude,1.0
@ stevenkolb,@ stevenkolb,1.0
Katniss,Katniss,1.0
Berlin,Berlin,1.0
@ edsheeran,@ edsheeran,1.0
@ thek_kollection,@ thek_kollection,1.0
@ JordiAlba,@ JordiAlba,1.0
Rihanna,Rihanna,1.0
Scotty,Scotty,1.0
Jim,Jim,1.0
@ Jeff_Daniels,@ Jeff_Daniels,1.0
Detroit Tigers,Detroit Tigers,1.0
@ drdre,@ drdre,1.0
Andre,Andre,1.0
@ THETNKIDS,@ THETNKIDS,1.0
@ jtimberlake,@ jtimberlake,1.0
@ RadioDisney,@ RadioDisney Music,0.5
Cicero,Cicero,1.0
@ brittinghamhb,@ brittinghamhb,1.0
Inyama,#nigeria Inyama,0.5
@ DECIPHER_BKI,@ DECIPHER_BKI,1.0
@ EdSheeranPlanet,@ EdSheeranPlanet,1.0
@ dav232,@ dav232,1.0
@ JimCarrey,@ JimCarrey,1.0
Real Madrid #RSORealMadrid,Madrid,0.5
@ boobonic,@ boobonic,1.0
@ ZacEfron,@ ZacEfron,1.0
Jermain,Jermain,1.0
Finland,Finland,1.0
Maya Angelou,Maya Angelou,1.0
@ ConnorMcGinty,@ ConnorMcGinty,1.0
Ross Ashcroft,Ross Ashcroft,1.0
Eric Lauren,Eric Lauren,1.0
Manchester United,Manchester United,1.0
@ juanmata10,@ juanmata10,1.0
UK,UK,1.0
One Direction,One Direction,1.0
Rebecca Ferguson,Rebecca Ferguson,1.0
Cher,Cher,1.0
Matt Cardle,Matt Cardle,1.0
Shak,Shak,1.0
@ glamlatinamag,@ glamlatinamag,1.0
U . S .,U . S .,1.0
@ scooterbraun,@ scooterbraun,1.0
@ yael,@ yael,1.0
@ JohnHenryRyan,@ JohnHenryRyan,1.0
Guillermo del Toro,Guillermo del Toro,1.0
#africa,#africa Koreans,0.5
Napier,Napier,1.0
@ mirandajacq,@ mirandajacq,1.0
@ carlyraejepsen,@ carlyraejepsen,1.0
@ frandrescher,@ frandrescher,1.0
@ FreshDirect,@ FreshDirect,1.0
Rio de Janeiro,Rio de Janeiro,1.0
@ jacobschultz19,@ jacobschultz19,1.0
jacob,jacob,1.0
@ HansRosling,@ HansRosling,1.0
Jackson Pollock,Jackson Pollock,1.0
Mike Tyson,Mike Tyson,1.0
@ SeanMoussavi,@ SeanMoussavi,1.0
@ tyleroakley,@ tyleroakley,1.0
Aston Martin,Aston Martin,1.0
@ mrodofficial,@ mrodofficial,1.0
RUM HOUSE,RUM HOUSE,1.0
MOLLY RYAN,MOLLY RYAN,1.0
@ RedFoo,@ RedFoo,1.0
@ daveEASTgate,@ daveEASTgate,1.0
@ TODAYshow,@ TODAYshow Plaza,0.5
Paulo nutini,Paulo nutini,1.0
@ donmigueloreal,@ donmigueloreal,1.0
@ AustinMahone,@ AustinMahone,1.0
Orlando,Orlando,1.0
@ Georgelopez,@ Georgelopez,1.0
@ pitbull,@ pitbull,1.0
@ erikalinn27,@ erikalinn27,1.0
@ carlyraejepsen,@ carlyraejepsen,1.0
@ KINGRICH_MH,@ KINGRICH_MH,1.0
@ ButeraBradbery,@ ButeraBradbery,1.0
@ alexaluria,@ alexaluria,1.0
@ joycebonelli,@ joycebonelli,1.0
@ makeupbymario,@ makeupbymario,1.0
@ thescottycunha,@ thescottycunha,1.0
@ fcknjaaay,@ fcknjaaay,1.0
@ _K_element,@ _K_element,1.0
@ usabasketball,@ usabasketball,1.0
Barcelona,Barcelona,1.0
@ jimmyfallon,@ jimmyfallon,1.0
Scotland,Scotland,1.0
@ EricMcManus10,@ EricMcManus10,1.0
Buffalo,Buffalo,1.0
Giroud,Giroud,1.0
New York City,New York City,1.0
Tony,Tony,1.0
Woody,Woody,1.0
@ amandalynonair,@ amandalynonair,1.0
Bertie Ahern,Bertie Ahern,1.0
@ AnMailleach,@ AnMailleach,1.0
@ chrishanretty,@ chrishanretty,1.0
Alison Lapper,Alison Lapper,1.0
@ DrKeithRedmond,@ DrKeithRedmond,1.0
Irish News,Irish News,1.0
Irish News,Irish News,1.0
@ ruairimckiernan,@ ruairimckiernan,1.0
@ MacdonaghRoisin,@ MacdonaghRoisin,1.0
@ adrianweckler,@ adrianweckler,1.0
@ ciaraobrien,@ ciaraobrien,1.0
@ roakleyIRL,@ roakleyIRL,1.0
@ HuffPostImpact,@ HuffPostImpact,1.0
Dublin,Dublin,1.0
Eamon Gilmore,Eamon Gilmore,1.0
Labour,Labour,1.0
@ AudreyCarville,@ AudreyCarville,1.0
@ JoeBrolly1993,@ JoeBrolly1993,1.0
@ GaryMurphyDCU,@ GaryMurphyDCU,1.0
@ AnMailleach,@ AnMailleach,1.0
@ shane_martin,@ shane_martin,1.0
@ alanryan6,@ alanryan6,1.0
Alan,Alan,1.0
@ grainnewalsh,@ grainnewalsh,1.0
Dublin,Dublin,1.0
Dublin,Dublin,1.0
@ endgameinulster,@ endgameinulster,1.0
@ LadFleg,@ LadFleg,1.0
@ etienneshrdlu,@ etienneshrdlu,1.0
@ paulmwatson,@ paulmwatson,1.0
@ LiamDelaneyEcon,@ LiamDelaneyEcon,1.0
Limerick,Limerick,1.0
Dublin,Dublin,1.0
Dublin,Dublin,1.0
@ BrennanMarjorie,@ BrennanMarjorie,1.0
@ eilisohanlon,@ eilisohanlon,1.0
Dublin West,Dublin West,1.0
Gabrielle McFadden,Gabrielle McFadden,1.0
Coppinger,Ruth Coppinger,0.5
Tipp South,Tipp South,1.0
Israel,Israel,1.0
CAG,CAG,1.0
NAMA,NAMA,1.0
@ DublinGAALive,@ DublinGAALive,1.0
@ ShellyinDublin,@ ShellyinDublin,1.0
@ NiallHarbison,@ NiallHarbison,1.0
Foursquare,Foursquare,1.0
@ seamuscoffey,@ seamuscoffey,1.0
@ RobKitchin,@ RobKitchin,1.0
@ ConallMacCoille,@ ConallMacCoille,1.0
@ DavyResearch,@ DavyResearch,1.0
Dana,Dana,1.0
John Brown,John Brown,1.0
IN & M,IN & M,1.0
Dana,Dana herself,0.5
Maurice Hayes,Maurice Hayes,1.0
#ParisBakery.,#ParisBakery.,1.0
@ qualitystweet,@ qualitystweet,1.0
@ olearydonal,@ olearydonal,1.0
Kevin Sheedy,Kevin Sheedy,1.0
NZ,NZ,1.0
@ joose007,@ joose007,1.0
UK,UK,1.0
Sydney,Sydney,1.0
Lisbon,Lisbon,1.0
Ireland,Ireland,1.0
@ nytimes,@ nytimes,1.0
@ Portrushian,@ Portrushian,1.0
@ brianjohnspencr,@ brianjohnspencr,1.0
@ RealEddieHobbs,@ RealEddieHobbs,1.0
@ PriorClaire,@ PriorClaire,1.0
@ NiallHarbison,@ NiallHarbison,1.0
@ keithdkennedy,@ keithdkennedy,1.0
@ DeclanHarmon,@ DeclanHarmon,1.0
Declan,Declan,1.0
Kilkenny,Kilkenny,1.0
@ miguelgarcia65,@ miguelgarcia65,1.0
@ Colmogorman,@ Colmogorman,1.0
Seanad,Seanad,1.0
Rivada Research,Rivada Research,1.0
@ rivadanetworks,rivadanetworks,0.5
Croke Park,Croke Park,1.0
Toyota,Toyota,1.0
Mario ' Il Duce ' Draghi,Mario ' Il Duce ' Draghi,1.0
@ NorahCasey,@ NorahCasey,1.0
@ IrishHospice,@ IrishHospice,1.0
@ RTEone,@ RTEone,1.0
RTE,RTE Player,0.5
Ireland,Ireland,1.0
Ukraine,Ukraine,1.0
#Cork,#Cork,1.0
The Labour Party,The Labour Party,1.0
Ruairi Quinn,Ruairi Quinn,1.0
Ted,Ted,1.0
PIRA,PIRA,1.0
European,European,1.0
Australia,Australia,1.0
EU,EU,1.0
NPPR,NPPR,1.0
@ timdunneAPR2P,@ timdunneAPR2P,1.0
@ joan_burton,@ joan_burton,1.0
Donal Ryan,Donal Ryan,1.0
@ lawlor_aine,@ lawlor_aine,1.0
Eamon Gilmore,Eamon Gilmore,1.0
Joan Burton,Joan Burton,1.0
Labour Party,Labour Party,1.0
@ EamonDelaney10,@ EamonDelaney10,1.0
Varadkar,Varadkar,1.0
US,US,1.0
Mikey,Mikey,1.0
Limerick,Limerick,1.0
@ Inah_Colada,@ Inah_Colada,1.0
@ NiamhPuirseil,@ NiamhPuirseil,1.0
Department of Finance,Department of Finance,1.0
NAMA,NAMA,1.0
Noonan,Noonan,1.0
@ paulageraghty,@ paulageraghty,1.0
@ hiredknave,@ hiredknave,1.0
@ edelmcginley,@ edelmcginley,1.0
Maynooth University,Maynooth University,1.0
@ richardwaghorne,@ richardwaghorne,1.0
@ EndaEndamac95,@ EndaEndamac95,1.0
ITV,ITV,1.0
Sinn Féin,Sinn Féin,1.0
@ MargaretEWard,@ MargaretEWard,1.0
@ susanokeeffe,@ susanokeeffe,1.0
@ Re_Ferg,@ Re_Ferg,1.0
Uzbekistan,Uzbekistan,1.0
Anise,Anise,1.0
Inna,Inna,1.0
@ GTCost,@ GTCost,1.0
@ ratminer,@ ratminer,1.0
@ JillKerby,@ JillKerby,1.0
@ Cormac_Staunton,@ Cormac_Staunton,1.0
@ irishwildlife,@ irishwildlife,1.0
@ irishenvnet,@ irishenvnet,1.0
North,North,1.0
@ mattyglesias,@ mattyglesias,1.0
@ irishexaminer,@ irishexaminer,1.0
@ IrishTimes,@ IrishTimes,1.0
@ DearbhailDibs,@ DearbhailDibs,1.0
@ oconnellhugh,@ oconnellhugh,1.0
@ eoinmauricedaly,@ eoinmauricedaly,1.0
@ odowdt,@ odowdt,1.0
@ EamonRyan,@ EamonRyan,1.0
@ LawGovDCU,@ LawGovDCU,1.0
Walt Kilroy,Walt Kilroy,1.0
@ chiefbreenie,@ chiefbreenie,1.0
Labour,Labour,1.0
Joan Burton,Joan Burton,1.0
Alex White,Alex White,1.0
@ robhoban,@ robhoban,1.0
Dublin,Dublin,1.0
Irish FM,Irish FM,1.0
Westminster Colorado,Westminster Colorado,1.0
NUI Maynooth,NUI Maynooth,1.0
Mickey,Mickey,1.0
Antrim,Antrim,1.0
UK,UK,1.0
@ chiefbreenie,@ chiefbreenie,1.0
@ SligoChap,@ SligoChap,1.0
@ electionlit,@ electionlit,1.0
@ JohnKav1,@ JohnKav1,1.0
Mussolini,Mussolini,1.0
Siobhan Lynam,Siobhan Lynam,1.0
@ RTERadio1,@ RTERadio1,1.0
@ KieranShannon7,@ KieranShannon7,1.0
@ MalachyClerkin,@ MalachyClerkin,1.0
@ FachtnaK,@ FachtnaK,1.0
@ EwanMacKenna,@ EwanMacKenna,1.0
Suarez,Suarez,1.0
Dingle,Dingle,1.0
Fianna Fail,Fianna Fail,1.0
Roscommon- South Leitrim,South Leitrim,0.5
Martin,Martin,1.0
Sinn Fein,Sinn Fein,1.0
Jesus,Jesus,1.0
@ victorybyname,@ victorybyname,1.0
Gerry Adams,Gerry Adams,1.0
Irish News,Irish News,1.0
@ MediaConfDCU,@ MediaConfDCU,1.0
Nicola Adams,Nicola Adams,1.0
Dublin,Dublin,1.0
@ EamonGilmore,EamonGilmore,0.5
@ IrishTimes,@ IrishTimes,1.0
Bishop John McAreavey,Bishop John McAreavey,1.0
Irish Electoral Commission,Irish Electoral Commission,1.0
Joan Burton,Joan Burton,1.0
@ Goban_Saor,@ Goban_Saor,1.0
@ daveirl,@ daveirl,1.0
@ jonihle,@ jonihle,1.0
Japan,Japan,1.0
@ daveyhannigan,@ daveyhannigan,1.0
@ brennanmarjorie,@ brennanmarjorie,1.0
@ EuropeDecides,@ EuropeDecides,1.0
@ ecrgroup,@ ecrgroup,1.0
ECR,ECR,1.0
ALDE,ALDE,1.0
Ecclestone,Ecclestone,1.0
@ iam_adelen,@ iam_adelen,1.0
@ richardwaghorne,@ richardwaghorne,1.0
Richard,Richard,1.0
@ FiSwy,@ FiSwy,1.0
Matt Baggott,Matt Baggott,1.0
Bishop John McAreavey,Bishop John McAreavey,1.0
@ PaulRouseUCD,@ PaulRouseUCD,1.0
Paul,Paul,1.0
Cork,Cork,1.0
@ aslinndubh,@ aslinndubh,1.0
@ lkellyoconnor,@ lkellyoconnor,1.0
@ Hippoclides,@ Hippoclides,1.0
@ WhelanKarl,@ WhelanKarl,1.0
RTE,RTE,1.0
Belfast,Belfast,1.0
Ireland,Ireland,1.0
Britain,Britain,1.0
Dublin,Dublin,1.0
Manchester,Manchester,1.0
London,London,1.0
@ robhoban,@ robhoban,1.0
Limerick,Limerick,1.0
@ IrishTimes,@ IrishTimes,1.0
@ GerryAdamsSF,@ GerryAdamsSF,1.0
Northern Ireland,Northern Ireland,1.0
@ cri5b,@ cri5b,1.0
@ HelenORahilly,@ HelenORahilly,1.0
@ DrKeithRedmond,@ DrKeithRedmond,1.0
@ LCreighton,@ LCreighton,1.0
@ labour,@ labour,1.0
Dáil,Dáil,1.0
@ FineGael,FineGael,0.5
@ AdrianKavanagh,@ AdrianKavanagh,1.0
Galway East,Galway East,1.0
@ SLFineGael,@ SLFineGael,1.0
@ MaireadMcGMEP,@ MaireadMcGMEP,1.0
@ dfarrell_ucd,@ dfarrell_ucd,1.0
Middle Earth,Middle Earth,1.0
@ eceunerht,@ eceunerht,1.0
@ HananRazek,@ HananRazek,1.0
@ MaryERegan,@ MaryERegan,1.0
@ LenaicVaudin,@ LenaicVaudin,1.0
@ HendrikLoven,@ HendrikLoven,1.0
@ JensT,@ JensT,1.0
@ koozmin,@ koozmin,1.0
@ celoscher,@ celoscher,1.0
@ markobroin,@ markobroin,1.0
Sinn Fein,Sinn Fein,1.0
Dublin South West,Dublin South West,1.0
@ BlakeLeyers,@ BlakeLeyers,1.0
@ G17Esiason,@ G17Esiason,1.0
@ 7BOOMERESIASON,@ 7BOOMERESIASON,1.0
RTE,RTE,1.0
@ martynrosney,@ martynrosney,1.0
Claire Trevett,Claire Trevett,1.0
New Zealand,New Zealand,1.0
@ donna_cooney1,@ donna_cooney1,1.0
@ joannatuffytd,@ joannatuffytd,1.0
@ 27KHV,@ 27KHV,1.0
@ sikorskiradek,@ sikorskiradek,1.0
@ olacicho,@ olacicho,1.0
Bryan,Bryan,1.0
@ Ballyhea14,@ Ballyhea14,1.0
Monaghan,Monaghan,1.0
David Norris,David Norris,1.0
@ SenDavidNorris,@ SenDavidNorris,1.0
RTE,RTE,1.0
Alan Porter,Alan Porter,1.0
Alan Kavanagh,Alan Kavanagh,1.0
@ Boglawyer,@ Boglawyer,1.0
Qatar,Qatar,1.0
@ dsmooney,@ dsmooney,1.0
@ shaybyrneradio,@ shaybyrneradio,1.0
Irish News,Irish News,1.0
Central London,Central London,1.0
Dublin North Central,Dublin North Central,1.0
@ 27KHV,@ 27KHV,1.0
@ sikorskiradek,@ sikorskiradek,1.0
@ olacicho,@ olacicho,1.0
Fox News,Fox News,1.0
Irish News,Irish News,1.0
Antrim,Antrim,1.0
Liam Bradley,Liam Bradley,1.0
@ LiamDelaneyEcon,@ LiamDelaneyEcon,1.0
Mark Selby,Mark Selby,1.0
@ SeanFionn,@ SeanFionn,1.0
Labour,Labour,1.0
Worker 's Party,Worker 's Party,1.0
@ irishtimes,@ irishtimes,1.0
@ johncreedon,@ johncreedon,1.0
Hogan,Hogan,1.0
@ CferDeltaF508,@ CferDeltaF508,1.0
@ frankmcdonald60,@ frankmcdonald60,1.0
@ eric_cartman31,@ eric_cartman31,1.0
LEBEDEV,LEBEDEV,1.0
NI,NI,1.0
@ drivetimerte,@ drivetimerte,1.0
@ FitzgeraldFrncs,@ FitzgeraldFrncs,1.0
@ ghook,@ ghook,1.0
Brian Purcell,Brian Purcell,1.0
@ PadraigMacL,@ PadraigMacL,1.0
Irish News,Irish News,1.0
@ Armagh_GAA,@ Armagh_GAA,1.0
@ sarahmaintains,@ sarahmaintains,1.0
@ LiamDelaneyEcon,@ LiamDelaneyEcon,1.0
@ gavinsblog,@ gavinsblog,1.0
@ irishtimes,@ irishtimes,1.0
East Belfast,East Belfast,1.0
Alliance Party,Alliance Party Offices,0.5
@ chris_derry,@ chris_derry,1.0
@ LiamDelaneyEcon,@ LiamDelaneyEcon,1.0
@ ananelson,@ ananelson,1.0
@ AudreyCarville,@ AudreyCarville,1.0
@ dangillmor,@ dangillmor,1.0
@ jonnyfallon,@ jonnyfallon,1.0
@ kealanjflynn,@ kealanjflynn,1.0
@ nodonovan17_o,@ nodonovan17_o,1.0
@ noelwhelan,@ noelwhelan,1.0
@ smockalley,@ smockalley,1.0
@ ConorWilson,@ ConorWilson,1.0
Justine McCarthy,Justine McCarthy,1.0
Tuam,Tuam,1.0
@ coilinduffy,@ coilinduffy,1.0
#ParisBakery,#ParisBakery,1.0
@ Jack0Wright,@ Jack0Wright,1.0
Daithí McKay,Daithí McKay,1.0
Sinn Féin,Sinn Féin,1.0
@ LorrCliff,@ LorrCliff,1.0
Clifford Jr,Clifford Jr,1.0
Lorraine,Lorraine,1.0
Labour Party,Labour Party,1.0
Joan Burton,Joan Burton,1.0
@ andrewgdotcom,@ andrewgdotcom,1.0
@ alaninbelfast,@ alaninbelfast,1.0
Ireland,Ireland,1.0
@ JohnOBrennan2,@ JohnOBrennan2,1.0
Osvaldo Ardiles,Osvaldo Ardiles,1.0
Rory,Rory,1.0
@ danylmc,@ danylmc,1.0
John Key,John Key,1.0
Winston,Winston,1.0
@ richardhills777,@ richardhills777,1.0
@ bruk_bb,@ bruk_bb,1.0
@ creamym4mi,@ creamym4mi,1.0
@ fishBOWLBoy274,@ fishBOWLBoy274,1.0
@ Mr_Sam_Brown,@ Mr_Sam_Brown,1.0
@ adidasY3,@ adidasY3,1.0
@ adidasY3,@ adidasY3,1.0
Northcote,Northcote,1.0
RNZ,RNZ,1.0
Ashburton,Ashburton,1.0
@ vernontava,@ vernontava,1.0
@ PaulHenryShow,@ PaulHenryShow,1.0
@ TV3nz,@ TV3nz,1.0
@ laurentvidal,@ laurentvidal,1.0
@ Sportsfreakconz,@ Sportsfreakconz,1.0
@ Katrina_SJ,@ Katrina_SJ,1.0
UK,UK,1.0
David Morrissey,David Morrissey,1.0
@ caniwiwilliams,@ caniwiwilliams,1.0
@ mizjwilliams,@ mizjwilliams,1.0
@ althecat,@ althecat,1.0
Barry,Barry,1.0
Taane,Taane,1.0
@ janfrodeno,@ janfrodeno,1.0
@ jamesjrobertson,@ jamesjrobertson,1.0
@ WendyWings,@ WendyWings,1.0
Ashburton,Ashburton,1.0
Ashburton,Ashburton,1.0
Malaysia,Malaysia,1.0
@ OmgGir,@ OmgGir,1.0
@ CoryJane1080,@ CoryJane1080,1.0
Wellington,Wellington iridewgtn,0.5
Christchurch,Christchurch,1.0
@ ApeJane,@ ApeJane,1.0
Trevor Mallard,Trevor Mallard,1.0
CNN,CNN,1.0
@ JeanneMoos,@ JeanneMoos,1.0
@ vcarternz,@ vcarternz,1.0
Britain,Britain,1.0
@ Bourkey8,@ Bourkey8,1.0
@ LizzieMarvelly,@ LizzieMarvelly,1.0
@ katyperry,@ katyperry,1.0
@ petestoreyis,@ petestoreyis,1.0
@ hrjohn44,@ hrjohn44,1.0
@ harleypeters,@ harleypeters,1.0
NSA,NSA,1.0
Rupert,Rupert,1.0
Tom Cruise,Tom Cruise,1.0
Goldman Sachs,Goldman Sachs,1.0
Anthony Kiedis,Anthony Kiedis,1.0
Istanbul,Istanbul,1.0
Turkmenistan,Turkmenistan,1.0
@ WendyWings,@ WendyWings,1.0
Wendy,Wendy,1.0
@ AndreAlessi,@ AndreAlessi,1.0
@ A_Smith09,@ A_Smith09,1.0
@ AlexaHotz,@ AlexaHotz,1.0
@ DanCohen17,@ DanCohen17,1.0
Andre Russell,Andre Russell,1.0
Amiens Cathedral,Amiens Cathedral,1.0
@ amylmcdonald,@ amylmcdonald,1.0
@ TV3nz,@ TV3nz,1.0
Cadbury,Cadbury #DreamFactory,0.5
@ Brooke_hs,Brooke_hs,0.5
@ NZBEERBABE,@ NZBEERBABE,1.0
@ worried_mind,@ worried_mind,1.0
@ alicegalletly,@ alicegalletly,1.0
@ teejaydeebee,@ teejaydeebee,1.0
New Zealand,New Zealand,1.0
@ geekbeagolfer,@ geekbeagolfer,1.0
New Zealand,Zealand,0.5
Victoria St Hamilton,Victoria St Hamilton,1.0
Hamilton Police,Hamilton Police,1.0
Victoria Street Hamilton,Victoria Street Hamilton,1.0
@ LID_MAN,@ LID_MAN,1.0
@ RuminatorNZ,@ RuminatorNZ,1.0
@ MorganGodfery,@ MorganGodfery,1.0
@ hebehu,@ hebehu,1.0
@ mumsontop,@ mumsontop,1.0
@ rumpole3,@ rumpole3,1.0
@ robhosking,@ robhosking,1.0
@ davidclarke015,@ davidclarke015,1.0
@ RealStevenAdams,@ RealStevenAdams,1.0
@ TV3nz,@ TV3nz,1.0
Opera House,Opera House,1.0
@ marchintonffx,@ marchintonffx,1.0
@ tomabo10,@ tomabo10,1.0
@ N2PHOTOservices,@ N2PHOTOservices,1.0
@ NatashaUtting,@ NatashaUtting,1.0
@ xaimeh,@ xaimeh,1.0
New Zealand,New Zealand,1.0
@ kingnivin,@ kingnivin,1.0
Instagram,Instagram,1.0
Twitter,Twitter,1.0
UK,UK,1.0
@ TamatiEllison,@ TamatiEllison,1.0
@ CricketTragic58,@ CricketTragic58,1.0
@ alexquilliam,@ alexquilliam,1.0
Stewart Island,Stewart Island,1.0
@ GoogleGlass,@ GoogleGlass,1.0
Sam Judd,Sam Judd,1.0
Lake Lyndon,Lake Lyndon,1.0
Canterbury Police Search and Rescue,Canterbury Police Search and Rescue,1.0
Mt Cook,Mt Cook,1.0
@ CateOwen,@ CateOwen,1.0
@ TV3nz,@ TV3nz,1.0
@ TheMoustacher,@ TheMoustacher,1.0
@ michalabanas,@ michalabanas,1.0
@ ClintVSmith,@ ClintVSmith,1.0
Cunliffe,Cunliffe,1.0
@ FlynnyZM,@ FlynnyZM,1.0
@ ZMonline,@ ZMonline,1.0
Robin Williams,Robin Williams,1.0
@ TheJayReeve,@ TheJayReeve,1.0
@ Head_Weasel,@ Head_Weasel,1.0
@ RuminatorNZ @ stevenljoyce @ DavidCunliffeMP,@ RuminatorNZ,0.5
@ JimmyBarnes,@ JimmyBarnes,1.0
Jimmy,Jimmy,1.0
Castlecliff,Castlecliff,1.0
Wanganui Hospital,Wanganui Hospital,1.0
John Tamihere,John Tamihere,1.0
Willie Jackson,Willie Jackson,1.0
Willie,Willie,1.0
@ dannews,@ dannews,1.0
@ Gonzo_McNulty,@ Gonzo_McNulty,1.0
Fargo,Fargo,1.0
@ TheSmarmyBum,@ TheSmarmyBum,1.0
@ england,@ england,1.0
@ lenadunham,@ lenadunham,1.0
@ Davidxvx,@ Davidxvx,1.0
@ keith_ng,@ keith_ng,1.0
Stewart Island,Stewart Island,1.0
Labour,Labour & Greens,0.5
@ L_To,@ L_To,1.0
@ tarasutherland,@ tarasutherland,1.0
@ 562Haven,@ 562Haven,1.0
@ arhemant,@ arhemant,1.0
@ cricketaakash,@ cricketaakash,1.0
Wasim,Wasim,1.0
@ HareBrainedIdea,@ HareBrainedIdea,1.0
@ ThisisPartridge,@ ThisisPartridge,1.0
Sir Les P,Les P,0.5
Docherty,Docherty,1.0
@ TheOfficial2XU,TheOfficial2XU,0.5
@ KendallForbes,@ KendallForbes,1.0
@ CampbellLiveNZ,@ CampbellLiveNZ,1.0
@ lesmillsakl,@ lesmillsakl,1.0
@ NickPrinceNz,@ NickPrinceNz,1.0
@ CoryJane1080 @ 4LittleJanes,@ CoryJane1080,0.5
@ QueenofCobden,@ QueenofCobden,1.0
@ DAT_SUAVE_BOI,@ DAT_SUAVE_BOI,1.0
@ michalabanas,@ michalabanas,1.0
@ vaughndavis,@ vaughndavis,1.0
Manawatu hills,Manawatu hills,1.0
ABC 1,ABC,0.5
@ Jayson_Bryant,@ Jayson_Bryant,1.0
@ WendyWings,@ WendyWings,1.0
Ferg,Ferg,1.0
Grey Lynn Park,Grey Lynn Park,1.0
@ AwesomeRingerud,@ AwesomeRingerud,1.0
Szechuan,Szechuan,1.0
Dr Andrew Dickson,Dr Andrew Dickson,1.0
@ pacificraft,@ pacificraft,1.0
Bill,Bill,1.0
@ mizjwilliams,@ mizjwilliams,1.0
@ DavidCunliffeMP,@ DavidCunliffeMP,1.0
Australia,Australia,1.0
@ adriantullberg,@ adriantullberg,1.0
@ familyride,@ familyride,1.0
@ wishbonedesign,@ wishbonedesign,1.0
@ clevercycles,@ clevercycles,1.0
Portland,Portland,1.0
Garth Davis,Garth Davis,1.0
@ CinematicSavage,@ CinematicSavage,1.0
@ vincristine,@ vincristine,1.0
@ nzkoz,@ nzkoz,1.0
@ NatashaUtting,@ NatashaUtting,1.0
@ rarahsobson,@ rarahsobson,1.0
@ TrevorMallard,@ TrevorMallard,1.0
@ philiplyth,@ philiplyth,1.0
John Key,John Key,1.0
@ TovaOBrien,@ TovaOBrien,1.0
OECD,OECD,1.0
Be Playa Hotel,Playa Hotel,0.5
@ kylah87,@ kylah87,1.0
@ praneetmendon,@ praneetmendon,1.0
@ ankscricholic,@ ankscricholic,1.0
@ cricketaakash,@ cricketaakash,1.0
@ CharlesDagnall,@ CharlesDagnall,1.0
PA,PA,1.0
@ CampbellLiveNZ,@ CampbellLiveNZ,1.0
barry,barry,1.0
@ JoshEmett,@ JoshEmett,1.0
@ sara_mail,@ sara_mail,1.0
@ JoshEmett,@ JoshEmett,1.0
@ LATENIGHTBB,@ LATENIGHTBB,1.0
@ sara_mail,@ sara_mail,1.0
@ PaulHenryShow,@ PaulHenryShow,1.0
@ mignon138,mignon138,0.5
@ kkklasc,@ kkklasc,1.0
@ Hone_MP,@ Hone_MP,1.0
NZ,NZ,1.0
@ MockaNZ,@ MockaNZ,1.0
@ williamson_nz,@ williamson_nz,1.0
@ 4LittleJanes,@ 4LittleJanes,1.0
@ CoryJane1080,@ CoryJane1080,1.0
@ kyleipryor,@ kyleipryor,1.0
Kaitaia,Kaitaia,1.0
Wellington City,Wellington City,1.0
Pukehinau Flats,Pukehinau Flats,1.0
320 Willis Street,320 Willis Street,1.0
Wellington,Wellington,1.0
@ RiverboatCapt,@ RiverboatCapt,1.0
New Zealand,Miss Universe New Zealand,0.5
@ JoleneGolightly,@ JoleneGolightly,1.0
@ 4LittleJanes,4LittleJanes,0.5
Waiariki Institute Rotorua,Waiariki Institute,0.5
Waiariki Institute of Tec,Waiariki Institute,0.5
@ AJ_TayTay,@ AJ_TayTay,1.0
AJ Tay Tay,Tay Tay,0.5
@ gabbymonsta,@ gabbymonsta,1.0
@ majicalcloudz,@ majicalcloudz,1.0
@ bodytechfitmama,@ bodytechfitmama,1.0
@ thejamiebowen,@ thejamiebowen,1.0
@ _jamesmoran,@ _jamesmoran,1.0
@ WendyWings,@ WendyWings,1.0
@ MaddyBudd,@ MaddyBudd,1.0
Labour,Labour,1.0
NZF,NZF,1.0
Williamson,Williamson,1.0
Collins,Collins,1.0
Williamson,Williamson,1.0
Collins,Collins,1.0
@ syxseed,@ syxseed,1.0
@ drsciman,@ drsciman,1.0
@ mairesss,@ mairesss,1.0
Susan,Susan,1.0
Leigh CLEVELAND,Leigh CLEVELAND,1.0
Susan,Susan,1.0
Leigh CLEVELAND,Leigh CLEVELAND,1.0
Nelson Distr,Nelson Distr,1.0
@ MicheleACourt,@ MicheleACourt,1.0
@ richardhills777,@ richardhills777,1.0
@ secondzeit,@ secondzeit,1.0
@ nzherald,@ nzherald,1.0
@ metiria,@ metiria,1.0
NZ,NZ,1.0
@ watson_rg,@ watson_rg,1.0
Waikato University,Waikato University,1.0
"Cheviot , Hurunui District",Hurunui District,0.5
@ RichieHardcore,@ RichieHardcore,1.0
@ kylemacd,@ kylemacd,1.0
@ shawnmoodie,@ shawnmoodie,1.0
@ verifiedNZ,@ verifiedNZ,1.0
Conrad,Conrad,1.0
Conrad,Conrad,1.0
jessie,jessie,1.0
@ DevlinLive,@ DevlinLive,1.0
@ scalydavis,@ scalydavis,1.0
@ BluesRugbyTeam,@ BluesRugbyTeam,1.0
@ cowan_jimmy,@ cowan_jimmy,1.0
Devlin,Devlin,1.0
@ suzikyla23,@ suzikyla23,1.0
Gerry Brownlee,Gerry Brownlee,1.0
Fred Hollows,Fred Hollows,1.0
@ 4LittleJanes,@ 4LittleJanes,1.0
@ coryjane1080,@ coryjane1080,1.0
@ SarahCowley3,@ SarahCowley3,1.0
@ manusamoa,@ manusamoa,1.0
@ Eliota_Sapolu,@ Eliota_Sapolu,1.0
Eliota,Eliota,1.0
@ WendyWings,@ WendyWings,1.0
David,David & Margaret,0.5
@ yohohos,@ yohohos,1.0
@ sanjeevpalar,@ sanjeevpalar,1.0
Melbourne,Melbourne,1.0
Yarraville Club,Yarraville Club,1.0
@ CMRanapia,@ CMRanapia,1.0
@ GeneralistAlan,@ GeneralistAlan,1.0
@ Brycepearce,@ Brycepearce,1.0
Reno,Reno,1.0
@ staffs_kris,@ staffs_kris,1.0
@ GeorgeMonbiot,@ GeorgeMonbiot,1.0
@ HouseofTwits,@ HouseofTwits,1.0
UKIP,UKIP,1.0
Costa del Crime,Costa,0.5
Colwyn Bay Civic Society,Colwyn Bay Civic Society,1.0
@ ConwyCBC,@ ConwyCBC,1.0
France,France,1.0
Germany,Germany,1.0
Labour,Labour,1.0
Maida Vale,Maida Vale,1.0
Blue Lions,Blue Lions,1.0
@ PSV,PSV,0.5
London,London,1.0
DWP,DWP,1.0
NHS,NHS,1.0
Scottish Unemployed Workers Network,Scottish Unemployed Workers Network,1.0
DWP,DWP,1.0
Channel 4,Channel 4,1.0
@ Meg_HillierMP,@ Meg_HillierMP,1.0
UN,UN,1.0
@ ParsonsIvor,@ ParsonsIvor,1.0
Oliver Letwin,Oliver Letwin,1.0
@ RachelGoodchild,@ RachelGoodchild,1.0
@ OliverKayTimes,@ OliverKayTimes,1.0
@ doloreshaze,@ doloreshaze,1.0
@ El_Tequila,@ El_Tequila,1.0
Ecuador,Ecuador,1.0
@ PoppyLegion,@ PoppyLegion,1.0
@ BattleBackCntr,@ BattleBackCntr,1.0
@ GeoffShreeves,@ GeoffShreeves,1.0
David Cameron,David Cameron,1.0
Labour,Labour,1.0
Jeremy Lefroy,Jeremy Lefroy,1.0
#Turkey,#Turkey,1.0
Norf,Norf,1.0
chloe @ chloesmith,@ chloesmith,0.5
@ keenyn7,@ keenyn7,1.0
@ BattleBackCntr,@ BattleBackCntr,1.0
@ johnelworthy,@ johnelworthy,1.0
@ ExpatMUAddict,@ ExpatMUAddict,1.0
@ DannyHackett,@ DannyHackett,1.0
London,London,1.0
@ ewanventers,@ ewanventers,1.0
Conservatives,Conservatives,1.0
Britain,Britain,1.0
@ PollyTT,@ PollyTT,1.0
@ NSPCC,@ NSPCC,1.0
UN,UN,1.0
@ billyfoulkes,@ billyfoulkes,1.0
@ oxfamgb,@ oxfamgb,1.0
London,London,1.0
@ itvlondon,@ itvlondon,1.0
@ danfrancis02,@ danfrancis02,1.0
@ BonkersBexley,@ BonkersBexley,1.0
@ DannyHackett,@ DannyHackett,1.0
British- Polish Business Centre #Warsaw,British- Polish Business Centre #Warsaw,1.0
Mariusz Haladyj,Mariusz Haladyj,1.0
EU,EU,1.0
Biddulph Moor,Biddulph Moor,1.0
Yaya Toure,Yaya Toure,1.0
City,City,1.0
Everton,Everton,1.0
@ StanCollymore,@ StanCollymore,1.0
@ Yeloop,@ Yeloop,1.0
@ missy_welsh,@ missy_welsh,1.0
Queens Hospital,Queens Hospital,1.0
@ oscarsuse,@ oscarsuse,1.0
Cannock Chase,Cannock Chase,1.0
Aidan Burley,Aidan Burley,1.0
Bruce,Bruce,1.0
Hull,Hull,1.0
United,United,1.0
Aluko,Aluko,1.0
@ Freeman_George,@ Freeman_George,1.0
george,george,1.0
Sussex,Sussex,1.0
@ CharlieElphicke,@ CharlieElphicke,1.0
Iain,Iain,1.0
Easton,Easton,1.0
@ BrstlGreenDoors,@ BrstlGreenDoors,1.0
Wimblington,Wimblington,1.0
Chatteris- Manea,Chatteris- Manea,1.0
Hector Bellerin,Hector Bellerin,1.0
#AFC,#AFC,1.0
Borussia Dortmund,Borussia Dortmund,1.0
São Paulo Stadium,São Paulo Stadium,1.0
ISIS,ISIS,1.0
Iran,Iran,1.0
@ y_alibhai,@ y_alibhai,1.0
Justice Select Committee,Justice Select Committee,1.0
Lib Dem,Lib Dem,1.0
Jeremy Lefroy,Jeremy Lefroy,1.0
Northbrook St Newbury,Northbrook St Newbury,1.0
Bnmth Uni,Bnmth Uni & Arts Uni,0.5
@ PostOffice,@ PostOffice,1.0
Fenland,Fenland,1.0
Samir Nasri,Samir Nasri,1.0
Didier Deschamps,Didier Deschamps,1.0
@ DanHannanMEP,@ DanHannanMEP,1.0
Britannia House,Britannia House,1.0
@ FeaR_Rudixy,@ FeaR_Rudixy,1.0
@ darkestmast3r,@ darkestmast3r,1.0
@ _xTunez,@ _xTunez,1.0
Arsenal,Arsenal,1.0
Dortmund,Dortmund,1.0
@ Tillymintcrosby,@ Tillymintcrosby,1.0
@ Albion_Crosby,@ Albion_Crosby,1.0
@ Y3IH,@ Y3IH,1.0
Gove,Gove,1.0
@ happyhenry,@ happyhenry,1.0
@ KateGreenSU,@ KateGreenSU,1.0
Westminster Council,Westminster Council,1.0
Community Council,Queen 's Park Community Council,0.5
David Cameron,David Cameron,1.0
@ FeaR_Rudixy,@ FeaR_Rudixy,1.0
UK,UK,1.0
Dundee,Dundee,1.0
Khalsa Hockey Club,Khalsa Hockey Club,1.0
Ireland,Ireland,1.0
Spain,Spain,1.0
Australia,Australia,1.0
City,City,1.0
@ HouseofCommons,@ HouseofCommons,1.0
Thames Valley,Thames Valley,1.0
@ ThamesVP,@ ThamesVP,1.0
@ Dean_Walmsley,@ Dean_Walmsley,1.0
Chelsea,Chelsea,1.0
Drogba,Drogba,1.0
Schalke,Schalke 1,0.5
@ autumnrosewell,@ autumnrosewell,1.0
@ MatthewdAncona,@ MatthewdAncona,1.0
Telegraph,Telegraph,1.0
Coulson,Coulson,1.0
@ DamianAStuart,@ DamianAStuart,1.0
@ BBCr4today,@ BBCr4today,1.0
@ UNESCO,@ UNESCO,1.0
UN,UN,1.0
Tim Cleverley,Tim Cleverley,1.0
@ MikeArmiger,@ MikeArmiger,1.0
Mike,Mike,1.0
Tories,Tories,1.0
Lib Dems,Lib Dems,1.0
Kate Humble,Kate Humble,1.0
@ mopsa105,@ mopsa105,1.0
@ parliament,@ parliament,1.0
Mark Lowe,Mark Lowe,1.0
@ Dr_Airbrake,@ Dr_Airbrake,1.0
Penkridge,Penkridge,1.0
Osborne,Osborne,1.0
@ WestwoodLee,@ WestwoodLee,1.0
@ GNev2,@ GNev2,1.0
@ ScottWilkins2,@ ScottWilkins2,1.0
@ SamiWilkins,@ SamiWilkins,1.0
@ alistairpetrie,@ alistairpetrie,1.0
@ gregjmchugh,@ gregjmchugh,1.0
Sarah Teather,Sarah Teather,1.0
@ shelter,@ shelter,1.0
@ CommunitiesUK,@ CommunitiesUK,1.0
Fazio,Fazio,1.0
Stambouli,Stambouli,1.0
Lloris,Lloris,1.0
Tottenham,Tottenham,1.0
Barnham,Barnham,1.0
Eastergate,Eastergate,1.0
Arun,Arun,1.0
Rory Broomfield,Rory Broomfield,1.0
Conservative Home,Conservative Home,1.0
@ doloreshaze,@ doloreshaze,1.0
@ twopinkpeonies,@ twopinkpeonies,1.0
Atalanta,Atalanta,1.0
AC Milan,AC Milan,1.0
Kevin Constant,Kevin Constant,1.0
Yaya Toure,Yaya Toure,1.0
Betts,Betts,1.0
Arsenal,Arsenal,1.0
FGM,FGM,1.0
#LabWomenSafety Conference,#LabWomenSafety Conference,1.0
@ DN_SHERlF,@ DN_SHERlF,1.0
NATO,NATO,1.0
Bristol,Bristol,1.0
Monmouthshire,Monmouthshire,1.0
@ snorewell,@ snorewell,1.0
Marshall,Marshall,1.0
Fabio,Fabio,1.0
Caulker,Caulker,1.0
Turner,Turner,1.0
Mutch,Mutch,1.0
Whittingham,Whittingham,1.0
Daehli,Daehli,1.0
Bellamy,Bellamy,1.0
Campbell,Campbell,1.0
Cardiff,Cardiff XI,0.5
John,John ; Gunnarsson,0.5
@ patriot_conan,@ patriot_conan,1.0
@ NorwichJCP,@ NorwichJCP,1.0
@ BBCNorthampton,@ BBCNorthampton,1.0
#Northampton North,#Northampton North,1.0
@ LibDems,@ LibDems,1.0
SNP,SNP,1.0
Glasgow Anniesland,Glasgow Anniesland,1.0
Cathcart,Cathcart,1.0
Shettleston,Shettleston,1.0
@ scottishlabour,scottishlabour,0.5
@ BlueOct_ChrisC,@ BlueOct_ChrisC,1.0
Chris,Chris,1.0
@ andyburnhammp,@ andyburnhammp,1.0
UN,UN,1.0
@ Tahir_London,@ Tahir_London,1.0
@ debilarge,@ debilarge,1.0
@ stephenfry,@ stephenfry,1.0
@ Cam_Footlights,@ Cam_Footlights,1.0
@ LondonMidland,@ LondonMidland,1.0
@ edballsmp,@ edballsmp,1.0
Labour,Labour,1.0
Tory,Tory,1.0
@ amelia_thorn,@ amelia_thorn,1.0
@ winyr9,@ winyr9,1.0
SSP Healthcare,SSP Healthcare,1.0
Sefton,Sefton,1.0
Royal Gallery,Royal Gallery,1.0
Angela Merkel,Angela Merkel,1.0
Hyde Park,Hyde Park,1.0
Regents Park Royal Green Jackets Band,Green Jackets Band,0.5
@ Boomer2212,@ Boomer2212,1.0
Farage,Farage,1.0
EU,EU,1.0
Rodriguez,Rodriguez,1.0
Everton,Everton,1.0
Everton,Everton,1.0
Wolfsburg,Wolfsburg,1.0
Coleman,Coleman,1.0
Baines,Baines,1.0
Mirallas,Mirallas,1.0
Toffees,Toffees,1.0
@ parliament,@ parliament,1.0
Man City,Man City,1.0
Hart,Hart,1.0
Zabaleta,Zabaleta,1.0
Kompany Demichelis,Kompany Demichelis,1.0
Kolarov,Kolarov,1.0
Garcia,Garcia,1.0
Yaya Toure,Yaya Toure,1.0
Milner,Milner,1.0
Silva,Silva,1.0
Nasri,Nasri,1.0
Dzeko,Dzeko,1.0
@ LukeyVivienne,@ LukeyVivienne,1.0
@ hammersmithandy,@ hammersmithandy,1.0
Labour team Hammersmith,Labour,0.5
Fulham,Fulham,1.0
Felix Magath,Felix Magath,1.0
@ robshepherd5,@ robshepherd5,1.0
Jose,Jose,1.0
Barca,Barca,1.0
@ peteenty62,@ peteenty62,1.0
#Leamington,#Leamington,1.0
N Glasgow,N Glasgow,1.0
@ UKLabour,@ UKLabour Govt,0.5
Ed Miliband,Ed Miliband,1.0
Juncker,Juncker,1.0
EU,EU,1.0
@ biscuit_jack,@ biscuit_jack,1.0
@ LexingtonSteel,@ LexingtonSteel,1.0
@ PastelPouts,@ PastelPouts,1.0
Felix Magath,Felix Magath,1.0
Fulham,Fulham,1.0
@ Cumpedelibero,@ Cumpedelibero,1.0
FA commission,FA,0.5
Audrey,Audrey,1.0
Hazel,Hazel,1.0
Swynnerton,Swynnerton,1.0
Connie,Connie,1.0
Richard,Richard,1.0
Dunkirk,Dunkirk,1.0
@ Mjpkane,@ Mjpkane,1.0
@ StuffInSale,@ StuffInSale,1.0
Stretford Fire Station,@ Stretford Fire Station #safertraffordstreets,0.5
@ NP4731,@ NP4731,1.0
@ Tod123x,@ Tod123x,1.0
@ ostercywriter,@ ostercywriter,1.0
@ SalmaYaqoob,@ SalmaYaqoob,1.0
@ bbcquestiontime,@ bbcquestiontime,1.0
Ed Miliband,Ed Miliband,1.0
Unite,Unite union,0.5
@ glitterlen,@ glitterlen,1.0
@ GeoffreyJFowler,@ GeoffreyJFowler,1.0
BBC World,BBC,0.5
@ poppylegion,@ poppylegion,1.0
Shinzo Abe,Shinzo Abe,1.0
Guildhall,Guildhall,1.0
@ LivForNews,@ LivForNews,1.0
@ cllrmarkdobson,@ cllrmarkdobson,1.0
@ ResCareTo21,@ ResCareTo21,1.0
#ECLCM,#ECLCM,1.0
Eric Pickles,Eric Pickles,1.0
Bournemouth,Bournemouth,1.0
St Matthew 's Church,St Matthew 's Church Summer Fête,0.5
London,London,1.0
@ CommunitiesUK,@ CommunitiesUK,1.0
@ Laurentmurphy,@ Laurentmurphy,1.0
London,London,1.0
Paris,Paris,1.0
@ chrisfriaz,@ chrisfriaz,1.0
@ DannyHackett,@ DannyHackett,1.0
@ Crossrail,@ Crossrail,1.0
@ glitterlen,@ glitterlen,1.0
Ed Miliband,Ed Miliband,1.0
@ DementiaFriends,@ DementiaFriends,1.0
Biddulph,Biddulph,1.0
Francis,Francis,1.0
@ jimmurphymp,@ jimmurphymp,1.0
@ Arsenal,@ Arsenal,1.0
Cristiano Ronaldo,Cristiano Ronaldo,1.0
"#MUFC,","#MUFC,",1.0
Wenger,Wenger,1.0
Lochee,Lochee,1.0
@ bournemouthrotary,@ bournemouthrotary Club,0.5
BBC News,BBC News,1.0
Hong Kong,Hong Kong,1.0
MTR,MTR,1.0
@ DiscoveryPark_great,@ DiscoveryPark_great,1.0
paul,paul,1.0
@ gregclark,@ gregclark,1.0
@ ladytubedriver,@ ladytubedriver,1.0
@ MistressStan,@ MistressStan Moran,0.5
Clwyd West,Clwyd West,1.0
@ Crazyharry77,@ Crazyharry77,1.0
@ morrisseyobe,@ morrisseyobe,1.0
@ DamianAStuart,@ DamianAStuart,1.0
@ MC5Feed,@ MC5Feed,1.0
@ mandy_paine_mbe,@ mandy_paine_mbe,1.0
Mandy,Mandy,1.0
@ JLamps79,@ JLamps79,1.0
@ GNev2,@ GNev2,1.0
@ MichaelVaughan,@ MichaelVaughan,1.0
Ministry of Justice,Ministry of Justice,1.0
#PAC,#PAC,1.0
@ d_smith2407,@ d_smith2407,1.0
@ FirstCC,@ FirstCC,1.0
Roy Hodgson,Roy Hodgson,1.0
Brazil,Brazil,1.0
Poland,Poland,1.0
Rafal Trzaskowski,Rafal Trzaskowski,1.0
Scotland,Scotland,1.0
UK,UK,1.0
Manchester City,Manchester City,1.0
United Charities Market,United Charities Market,1.0
Biddulph,Biddulph,1.0
@ janegarvey1,@ janegarvey1,1.0
@ whjm,@ whjm,1.0
@ HelenGoodmanMP,@ HelenGoodmanMP,1.0
@ Ed_Miliband,@ Ed_Miliband,1.0
UK,UK,1.0
@ SimonWierny,@ SimonWierny,1.0
UK,UK,1.0
Poland,Poland,1.0
Tottenham Tories,Tottenham,0.5
@ ONECampaign,@ ONECampaign,1.0
UN,UN,1.0
@ StanCollymore,@ StanCollymore,1.0
Liverpool,Liverpool,1.0
Mignolet,Mignolet,1.0
Johnson,Johnson,1.0
Skrtel,Skrtel,1.0
Agger,Agger,1.0
Flanagan,Flanagan,1.0
Henderson,Henderson,1.0
Gerrard,Gerrard,1.0
Allen,Allen,1.0
Sterling,Sterling,1.0
Suarez,Suarez,1.0
Sturridge,Sturridge,1.0
Daniel Sturridge,Daniel Sturridge,1.0
Portugal,Portugal,1.0
Sturridge,Sturridge,1.0
EU,EU,1.0
HoC,HoC #JHA,0.5
West Berks Council,West Berks Council,1.0
Associated Press,Associated Press,1.0
@ jasonrspencer,@ jasonrspencer,1.0
Colleen Newvine,Colleen Newvine,1.0
@ KeithRastall,@ KeithRastall,1.0
@ lizmackean,@ lizmackean,1.0
CNN International,CNN International,1.0
Fliplingo,Fliplingo,1.0
Twitter,Twitter,1.0
@ SirSteven,@ SirSteven,1.0
@ michelledean,@ michelledean,1.0
@ myerscaseyMM330,@ myerscaseyMM330,1.0
Casey,Casey,1.0
@ albertocairo,@ albertocairo,1.0
@ INSInews,@ INSInews,1.0
Martin Koughan,Martin Koughan,1.0
@ crelewis,@ crelewis,1.0
ABC,ABC,1.0
Koughan,Koughan,1.0
Samsung,Samsung,1.0
Google,Google,1.0
@ PaulMcNally,@ PaulMcNally,1.0
Wanda,Wanda,1.0
@ HeatherMCurtis1,@ HeatherMCurtis1,1.0
@ vanessagezari,@ vanessagezari,1.0
Michael Niziolek,Michael Niziolek,1.0
@ michaelniziolek,@ michaelniziolek,1.0
Ann Arbor News,Ann Arbor News,1.0
MLive,MLive,1.0
@ suellewellyn,@ suellewellyn,1.0
NY Times,NY Times,1.0
@ sheffjournalism,@ sheffjournalism,1.0
Tony Harcup,Tony Harcup,1.0
CA,CA,1.0
@ mattjroper,@ mattjroper,1.0
@ richardkendall,@ richardkendall,1.0
@ MaraBrockAkil,@ MaraBrockAkil,1.0
@ wilbertlcooper,@ wilbertlcooper,1.0
Eric Garner,Eric Garner,1.0
America,America,1.0
@ jeff_licciard,@ jeff_licciard,1.0
NAB,NAB,1.0
@ VirginTrains,@ VirginTrains,1.0
AAN,AAN,1.0
FCC,FCC,1.0
APME,APME,1.0
@ drewsonix,@ drewsonix,1.0
@ mattdanzico,@ mattdanzico,1.0
The Marx Brothers,Marx Brothers,0.5
Vietnam,Vietnam,1.0
Hugh Van Es,Hugh Van Es,1.0
Jesse Ventura,Jesse Ventura,1.0
@ Okiecoastie13,@ Okiecoastie13,1.0
SPLC,SPLC,1.0
@ ryderdavid,@ ryderdavid,1.0
@ CatherineAnaya,@ CatherineAnaya,1.0
@ USCAnnenberg,USCAnnenberg Alumni,0.5
Missouri,Missouri,1.0
@ JayRJordan,@ JayRJordan,1.0
@ timfusciardi,@ timfusciardi,1.0
@ drgurner,@ drgurner,1.0
@ George_Berridge,@ George_Berridge,1.0
@ lisamjarvis,@ lisamjarvis,1.0
@ dancow,@ dancow,1.0
@ ajanharris,@ ajanharris,1.0
@ USCAnnenberg,@ USCAnnenberg,1.0
@ GoSparkSC,@ GoSparkSC,1.0
@ USC,USC,0.5
John Banks,John Banks,1.0
National Center for Health,National Center for Health,1.0
HuffPo,HuffPo,1.0
@ yorkshirepost,@ yorkshirepost,1.0
@ michelledevera,@ michelledevera,1.0
@ NicoleEshelman,@ NicoleEshelman,1.0
@ PJPrest,@ PJPrest,1.0
@ allisonpearson,@ allisonpearson,1.0
Financial Times,Financial Times,1.0
@ JaspJackson,@ JaspJackson,1.0
Bergdahl,Bergdahl,1.0
@ nicnewman,@ nicnewman,1.0
James Risen,James Risen,1.0
Supreme Court,Supreme Court,1.0
Baquet,Baquet,1.0
Iraq,Iraq,1.0
Benjamin Mullin,Benjamin Mullin,1.0
NY,NY,1.0
GOP,GOP,1.0
@ brightey,@ brightey,1.0
Denmark,Denmark,1.0
Wardsville,Wardsville,1.0
Mo,Mo .,0.5
@ MarcSettle,@ MarcSettle,1.0
@ SarahMarshall,@ SarahMarshall,1.0
@ catanify,@ catanify,1.0
@ kimbui,@ kimbui,1.0
@ evonnebenedict,@ evonnebenedict,1.0
@ janjlab,@ janjlab,1.0
@ EricCarvin,@ EricCarvin,1.0
@ gotoplanb,@ gotoplanb,1.0
@ Digidave,@ Digidave,1.0
@ ONA,ONA Board,0.5
@ bjsheehan7,@ bjsheehan7,1.0
Carroll,Carroll,1.0
Iowa,Iowa,1.0
Mick Jagger,Mick Jagger,1.0
@ jbenton,@ jbenton,1.0
@ farano,farano,0.5
@ MartinBelam,@ MartinBelam,1.0
@ ampp3d,@ ampp3d,1.0
Martin,Martin,1.0
Paris,Paris,1.0
Montreal,Montreal,1.0
Hong Kong,Hong Kong,1.0
St . Petersburg,St . Petersburg,1.0
@ ChrisVaccaro,@ ChrisVaccaro,1.0
Hartford,Hartford,1.0
@ geoffreyfowler,@ geoffreyfowler,1.0
Pinnacle,Pinnacle,1.0
@ praddenkeefe,@ praddenkeefe,1.0
Diane Gray,Diane Gray,1.0
Charles Parker,Charles Parker,1.0
Sir Paul Nurse,Sir Paul Nurse,1.0
Dr Karol Sikora,Dr Karol Sikora,1.0
Prof Colin Blakemore,Colin Blakemore,0.5
@ StuartForbes1,@ StuartForbes1,1.0
STV,STV,1.0
New York Times,New York Times,1.0
Olaf Palme,Olaf Palme,1.0
UK,UK,1.0
#Sweden,#Sweden,1.0
DOJ,DOJ,1.0
@ mattburgess1,@ mattburgess1,1.0
@ andrewsduncan1,@ andrewsduncan1,1.0
Andrew,Andrew,1.0
@ CCasciano,@ CCasciano,1.0
@ colinkelly,@ colinkelly,1.0
AHCJ,AHCJ,1.0
Eric Cantor,Eric Cantor,1.0
Bloomberg,Bloomberg,1.0
London,London,1.0
England,England,1.0
United Kingdom,United Kingdom,1.0
#SJMC,#SJMC,1.0
@ YouTube,@ YouTube,1.0
@ sharonm72,@ sharonm72,1.0
@ guardianstyle,@ guardianstyle,1.0
Beverly Spicer,Beverly Spicer,1.0
Boulder Weekly,Boulder Weekly,1.0
Westword,Westword,1.0
Patty Calhoun,Patty Calhoun,1.0
@ joshrogin,@ joshrogin,1.0
@ EliLake,@ EliLake,1.0
John Cornyn,John Cornyn,1.0
Jim Frederick,Jim Frederick,1.0
@ judgesexton,@ judgesexton,1.0
@ Margoandhow,@ Margoandhow,1.0
@ amyzipkin,@ amyzipkin,1.0
@ AnnieMDance,@ AnnieMDance,1.0
@ AlanBlaustein,@ AlanBlaustein,1.0
@ sarahcnyt,@ sarahcnyt,1.0
@ nytimes,@ nytimes,1.0
Kanye,Kanye,1.0
@ PBS,@ PBS,1.0
@ D_Shariatmadari,@ D_Shariatmadari,1.0
#JEA,#JEA,1.0
Bob Woodward,Bob Woodward,1.0
Carl Bernstein,Carl Bernstein,1.0
@ JEAOneBook,@ JEAOneBook,1.0
NPR,NPR,1.0
@ DylanReeve,@ DylanReeve,1.0
@ dangillmor,@ dangillmor,1.0
Instagram,Instagram,1.0
@ La__Cuen,@ La__Cuen,1.0
Tel Aviv,Tel Aviv,1.0
West VA,West VA,1.0
@ broke_grove,@ broke_grove,1.0
@ RadioTodayLive,@ RadioTodayLive,1.0
@ thisisnextradio,@ thisisnextradio,1.0
@ drewvigal,@ drewvigal,1.0
Facebook,Facebook,1.0
Boxer- Feinsten,Boxer- Feinsten,1.0
@ TMobile,@ TMobile,1.0
@ malonebarry,@ malonebarry,1.0
Africa,Africa,1.0
Paul,Paul,1.0
@ joefortunato,@ joefortunato,1.0
NASW Board,NASW Board,1.0
NASW,NASW board,0.5
#Africa,#Africa,1.0
@ albertocairo,@ albertocairo,1.0
@ kevglobal,@ kevglobal,1.0
@ brettsr,@ brettsr,1.0
@ joannauk,@ joannauk,1.0
Amazon,Amazon,1.0
@ vauhinivara,@ vauhinivara,1.0
IFJJ,IFJJ,1.0
@ peteashton,@ peteashton,1.0
@ vishalManve12,@ vishalManve12,1.0
@ gabekahn,@ gabekahn,1.0
@ Slate,@ Slate,1.0
Amazon,Amazon,1.0
@ megangarber,@ megangarber,1.0
Columbia,Columbia,1.0
@ joseiswriting,@ joseiswriting,1.0
America,America,1.0
@ ReedAlbergotti,@ ReedAlbergotti,1.0
@ KarenRussell,@ KarenRussell,1.0
@ ACLUVA,@ ACLUVA,1.0
@ PETA,@ PETA,1.0
City of Norfolk,Norfolk,0.5
Rupert Murdoch,Rupert Murdoch,1.0
Time Warner,Time Warner,1.0
@ katebevan,@ katebevan,1.0
#SJMC,#SJMC,1.0
@ samjamez,@ samjamez,1.0
@ JeromeTaylor,@ JeromeTaylor,1.0
@ pearswick,@ pearswick,1.0
Sargasso Sea,Sargasso Sea,1.0
Gulf Coast,Gulf Coast,1.0
HTFPNewsinBrief Local World,HTFPNewsinBrief Local World,1.0
Chicago,Chicago,1.0
Sun- Times,Sun- Times,1.0
@ mndailynews,@ mndailynews,1.0
@ scotthornsby10,@ scotthornsby10,1.0
@ nathancphillips,@ nathancphillips,1.0
Chennai,Chennai,1.0
India,India,1.0
Jan Leach,Professor Jan Leach,0.5
India,India,1.0
@ gallagher_photo,@ gallagher_photo,1.0
@ SmithaKhorana,@ SmithaKhorana,1.0
Amazon,Amazon,1.0
@ jake_k,@ jake_k,1.0
J Whaley Music,J Whaley Music,1.0
#Nashville,#Nashville,1.0
#NCTJProdJ,#NCTJProdJ,1.0
@ giaPLUSnina,@ giaPLUSnina,1.0
@ _HamptonU,@ _HamptonU,1.0
@ CNBC,@ CNBC,1.0
@ ICFJ,@ ICFJ,1.0
Wigan,Wigan,1.0
Warrington,Warrington,1.0
India,India,1.0
@ nmcintosh,@ nmcintosh,1.0
@ Jason_Cobb,@ Jason_Cobb,1.0
London,London,1.0
@ axelmaireder,@ axelmaireder,1.0
@ 3Lmantra,@ 3Lmantra,1.0
@ tpoell,@ tpoell,1.0
@ guillaumelatzko,@ guillaumelatzko,1.0
Texas,Texas,1.0
FBI,FBI,1.0
Governor Rick Perry,Rick Perry,0.5
@ XmediaPeppers,@ XmediaPeppers,1.0
@ rep_bologna,@ rep_bologna,1.0
Bolter,Bolter,1.0
SJMC,SJMC & FPC,0.5
Chicago,Chicago,1.0
@ Gawker,@ Gawker,1.0
Wichita,Wichita,1.0
Koch,Koch,1.0
@ danielschulman,@ danielschulman,1.0
@ taywiles,@ taywiles,1.0
Ashley Highfield,Ashley Highfield,1.0
BBC,BBC,1.0
Milwaukee,Milwaukee,1.0
@ journalsentinel,@ journalsentinel,1.0
BBC,BBC,1.0
The Guardian,The Guardian,1.0
@ GhanaParliament,@ GhanaParliament,1.0
@ kinnareads,@ kinnareads,1.0
@ BBCWorld,@ BBCWorld,1.0
#Germany,#Germany,1.0
#Brazil,#Brazil,1.0
@ AP_CorpComm,@ AP_CorpComm,1.0
@ AP,@ AP,1.0
@ dingl_,@ dingl_,1.0
#WallisAnnenbergHall,#WallisAnnenbergHall,1.0
@ darrenwaters,@ darrenwaters,1.0
Daniel Ellsberg,Daniel Ellsberg,1.0
Ben Wizner,Ben Wizner,1.0
Hilton Als,Hilton Als,1.0
Ruby Dee,Ruby Dee,1.0
Facebook,Facebook,1.0
Amy Toensing,Amy Toensing,1.0
Jessica Benko,Jessica Benko,1.0
India,India,1.0
Instagram,Instagram,1.0
@ juliaduin,@ juliaduin,1.0
@ aol,@ aol,1.0
@ jimwaterson,@ jimwaterson,1.0
@ billkeller2014,@ billkeller2014,1.0
